uid,period,contr_nrmd,contr_oth_nrmd
0,1,0.0,0.5
0,2,0.5,0.125
0,3,0.0,0.375
0,4,0.0,0.25
0,5,0.5,0.0
0,6,0.0,0.125
0,7,0.0,0.0
0,8,0.0,0.125
0,9,0.0,0.25
0,10,0.0,0.125
1,1,0.5,0.375
1,2,0.0,0.25
1,3,0.5,0.25
1,4,0.0,0.25
1,5,0.0,0.125
1,6,0.5,0.0
1,7,0.0,0.0
1,8,0.5,0.0
1,9,0.0,0.25
1,10,0.0,0.125
2,1,0.5,0.375
2,2,0.5,0.375
2,3,1.0,0.375
2,4,0.5,0.375
2,5,0.5,0.375
2,6,0.5,0.5
2,7,1.0,0.375
2,8,0.5,0.375
2,9,0.5,0.375
2,10,0.0,0.375
3,1,0.5,0.375
3,2,0.5,0.375
3,3,0.5,0.5
3,4,0.5,0.375
3,5,0.5,0.375
3,6,0.5,0.5
3,7,0.5,0.5
3,8,0.5,0.375
3,9,0.5,0.375
3,10,0.5,0.25
4,1,0.5,0.5
4,2,1.0,0.375
4,3,0.0,0.5
4,4,0.5,0.375
4,5,1.0,0.125
4,6,0.0,0.25
4,7,0.5,0.375
4,8,1.0,0.25
4,9,0.5,0.25
4,10,0.0,0.0
5,1,0.5,0.5
5,2,1.0,0.375
5,3,0.5,0.375
5,4,1.0,0.25
5,5,0.0,0.375
5,6,0.0,0.25
5,7,0.5,0.375
5,8,0.0,0.5
5,9,0.0,0.375
5,10,0.0,0.0
6,1,0.5,0.25
6,2,0.5,0.125
6,3,0.0,0.625
6,4,0.0,0.375
6,5,1.0,0.125
6,6,0.5,0.25
6,7,0.5,0.375
6,8,0.0,0.375
6,9,0.5,0.25
6,10,0.0,0.0
7,1,0.5,0.25
7,2,0.5,0.375
7,3,0.5,0.375
7,4,0.5,0.0
7,5,0.5,0.375
7,6,0.5,0.375
7,7,0.5,0.0
7,8,0.0,0.5
7,9,0.0,0.25
7,10,0.0,0.125
8,1,0.0,0.25
8,2,0.0,0.375
8,3,0.0,0.375
8,4,0.0,0.125
8,5,0.0,0.125
8,6,0.0,0.375
8,7,0.0,0.125
8,8,0.0,0.125
8,9,0.0,0.125
8,10,0.0,0.0
9,1,0.0,0.125
9,2,0.0,0.25
9,3,0.0,0.125
9,4,0.0,0.125
9,5,0.0,0.0
9,6,0.0,0.125
9,7,1.0,0.0
9,8,0.0,0.125
9,9,0.0,0.0
9,10,0.0,0.0
10,1,0.0,0.125
10,2,0.0,0.25
10,3,0.0,0.125
10,4,0.0,0.125
10,5,0.0,0.0
10,6,0.0,0.125
10,7,0.0,0.25
10,8,0.0,0.125
10,9,0.0,0.0
10,10,0.0,0.0
11,1,0.5,0.25
11,2,0.5,0.0
11,3,0.5,0.125
11,4,0.5,0.125
11,5,0.0,0.125
11,6,0.5,0.25
11,7,0.5,0.0
11,8,0.0,0.25
11,9,0.5,0.125
11,10,0.5,0.125
12,1,0.0,0.375
12,2,0.0,0.125
12,3,0.0,0.25
12,4,0.0,0.25
12,5,0.0,0.125
12,6,0.0,0.375
12,7,0.0,0.125
12,8,0.0,0.25
12,9,0.0,0.25
12,10,0.0,0.25
13,1,1.0,0.375
13,2,1.0,0.375
13,3,1.0,0.25
13,4,1.0,0.125
13,5,0.0,0.375
13,6,0.0,0.125
13,7,0.0,0.0
13,8,0.0,0.125
13,9,0.0,0.0
13,10,0.0,0.125
14,1,0.0,0.375
14,2,0.5,0.125
14,3,0.5,0.5
14,4,0.5,0.5
14,5,0.0,0.125
14,6,0.5,0.375
14,7,1.0,0.375
14,8,0.5,0.375
14,9,0.0,0.25
14,10,0.5,0.375
15,1,0.0,0.25
15,2,0.0,0.125
15,3,0.0,0.125
15,4,0.0,0.0
15,5,0.0,0.0
15,6,0.0,0.0
15,7,0.0,0.0
15,8,0.0,0.0
15,9,0.0,0.0
15,10,0.0,0.0
16,1,1.0,0.375
16,2,1.0,0.5
16,3,1.0,0.5
16,4,0.0,0.375
16,5,0.5,0.375
16,6,0.0,0.125
16,7,0.5,0.125
16,8,0.0,0.125
16,9,0.0,0.25
16,10,0.0,0.125
17,1,0.0,0.375
17,2,0.0,0.5
17,3,0.0,0.5
17,4,0.0,0.5
17,5,0.0,0.375
17,6,0.0,0.125
17,7,0.0,0.5
17,8,0.0,0.125
17,9,0.0,0.5
17,10,0.0,0.5
18,1,0.5,0.375
18,2,0.5,0.375
18,3,1.0,0.125
18,4,0.5,0.25
18,5,0.0,0.25
18,6,0.5,0.125
18,7,0.0,0.375
18,8,0.0,0.125
18,9,0.5,0.25
18,10,0.0,0.0
19,1,0.5,0.375
19,2,0.5,0.375
19,3,0.0,0.375
19,4,0.0,0.375
19,5,1.0,0.0
19,6,0.0,0.25
19,7,0.5,0.25
19,8,0.0,0.125
19,9,0.5,0.25
19,10,0.0,0.0
20,1,1.0,0.375
20,2,1.0,0.375
20,3,1.0,0.375
20,4,1.0,0.375
20,5,1.0,0.25
20,6,0.0,0.125
20,7,0.0,0.125
20,8,1.0,0.25
20,9,1.0,0.25
20,10,1.0,0.5
21,1,0.5,0.375
21,2,1.0,0.5
21,3,1.0,0.625
21,4,1.0,0.625
21,5,0.0,0.625
21,6,0.5,0.25
21,7,1.0,0.5
21,8,0.0,0.5
21,9,0.5,0.125
21,10,0.5,0.125
22,1,0.5,0.375
22,2,1.0,0.5
22,3,1.0,0.625
22,4,1.0,0.625
22,5,1.0,0.375
22,6,1.0,0.125
22,7,1.0,0.5
22,8,1.0,0.25
22,9,0.0,0.25
22,10,0.0,0.25
23,1,1.0,0.375
23,2,1.0,0.375
23,3,1.0,0.375
23,4,0.0,0.25
23,5,1.0,0.25
23,6,1.0,0.375
23,7,1.0,0.5
23,8,1.0,0.375
23,9,1.0,0.25
23,10,0.0,0.25
24,1,1.0,0.25
24,2,1.0,0.25
24,3,1.0,0.25
24,4,1.0,0.125
24,5,1.0,0.0
24,6,0.0,0.125
24,7,0.0,0.125
24,8,0.0,0.125
24,9,0.0,0.125
24,10,0.0,0.0
25,1,1.0,0.25
25,2,1.0,0.25
25,3,1.0,0.25
25,4,0.0,0.375
25,5,0.0,0.25
25,6,0.5,0.0
25,7,0.0,0.125
25,8,0.5,0.0
25,9,0.0,0.125
25,10,0.0,0.0
26,1,0.5,0.375
26,2,0.5,0.25
26,3,0.0,0.375
26,4,0.5,0.25
26,5,0.0,0.125
26,6,0.5,0.25
26,7,0.0,0.125
26,8,0.0,0.25
26,9,0.5,0.125
26,10,0.0,0.375
27,1,1.0,0.25
27,2,0.5,0.25
27,3,1.0,0.125
27,4,1.0,0.125
27,5,0.0,0.125
27,6,1.0,0.125
27,7,0.0,0.125
27,8,0.5,0.125
27,9,0.5,0.125
27,10,1.0,0.125
28,1,0.0,0.375
28,2,0.5,0.5
28,3,0.0,0.25
28,4,0.5,0.125
28,5,0.5,0.125
28,6,0.0,0.375
28,7,0.0,0.0
28,8,0.5,0.0
28,9,0.5,0.125
28,10,0.5,0.125
29,1,0.5,0.25
29,2,0.0,0.125
29,3,0.0,0.375
29,4,0.0,0.125
29,5,0.5,0.0
29,6,0.0,0.0
29,7,0.0,0.125
29,8,0.0,0.125
29,9,0.0,0.0
29,10,0.0,0.0
30,1,0.5,0.25
30,2,0.5,0.25
30,3,1.0,0.25
30,4,0.0,0.25
30,5,0.0,0.0
30,6,0.5,0.125
30,7,1.0,0.125
30,8,0.5,0.125
30,9,0.0,0.125
30,10,0.0,0.0
31,1,0.5,0.25
31,2,1.0,0.125
31,3,1.0,0.25
31,4,1.0,0.0
31,5,0.0,0.0
31,6,0.5,0.125
31,7,0.5,0.25
31,8,0.5,0.125
31,9,0.5,0.0
31,10,0.0,0.0
32,1,1.0,0.25
32,2,1.0,0.5
32,3,1.0,0.25
32,4,0.0,0.0
32,5,0.5,0.5
32,6,0.5,0.375
32,7,0.0,0.375
32,8,1.0,0.0
32,9,0.0,0.125
32,10,0.5,0.25
33,1,0.5,0.125
33,2,0.0,0.125
33,3,0.0,0.125
33,4,0.5,0.0
33,5,0.0,0.375
33,6,0.0,0.375
33,7,0.0,0.375
33,8,0.5,0.25
33,9,0.0,0.5
33,10,0.0,0.125
34,1,0.0,0.375
34,2,0.5,0.25
34,3,0.0,0.375
34,4,0.0,0.25
34,5,0.0,0.25
34,6,0.0,0.5
34,7,0.5,0.25
34,8,0.0,0.375
34,9,0.5,0.25
34,10,0.0,0.125
35,1,0.0,0.0
35,2,0.0,0.375
35,3,0.0,0.25
35,4,0.0,0.125
35,5,0.0,0.125
35,6,0.0,0.0
35,7,0.0,0.0
35,8,0.0,0.0
35,9,0.0,0.0
35,10,0.0,0.125
36,1,0.5,0.25
36,2,0.0,0.125
36,3,1.0,0.125
36,4,0.0,0.25
36,5,0.5,0.0
36,6,0.0,0.375
36,7,1.0,0.0
36,8,0.0,0.375
36,9,0.5,0.0
36,10,0.0,0.125
37,1,0.5,0.5
37,2,1.0,0.5
37,3,0.0,0.5
37,4,0.0,0.0
37,5,1.0,0.0
37,6,0.5,0.5
37,7,0.5,0.0
37,8,0.5,0.125
37,9,0.0,0.125
37,10,0.0,0.125
38,1,0.5,0.25
38,2,1.0,0.125
38,3,0.0,0.25
38,4,0.0,0.125
38,5,0.5,0.0
38,6,1.0,0.125
38,7,0.0,0.125
38,8,0.5,0.25
38,9,1.0,0.125
38,10,0.0,0.125
39,1,0.5,0.25
39,2,0.0,0.375
39,3,0.0,0.25
39,4,0.5,0.0
39,5,0.0,0.125
39,6,0.0,0.375
39,7,0.0,0.125
39,8,0.5,0.25
39,9,0.0,0.375
39,10,0.0,0.125
40,1,0.5,0.375
40,2,0.5,0.125
40,3,0.0,0.375
40,4,0.5,0.25
40,5,0.0,0.125
40,6,0.5,0.125
40,7,0.5,0.25
40,8,0.0,0.25
40,9,0.5,0.25
40,10,0.0,0.25
41,1,0.5,0.5
41,2,0.5,0.625
41,3,1.0,0.5
41,4,1.0,0.125
41,5,0.0,0.125
41,6,0.0,0.25
41,7,0.5,0.125
41,8,0.5,0.0
41,9,0.0,0.125
41,10,0.0,0.0
42,1,1.0,0.625
42,2,0.0,0.625
42,3,0.0,0.75
42,4,0.0,0.5
42,5,0.0,0.625
42,6,0.0,0.625
42,7,0.0,0.5
42,8,0.0,0.5
42,9,0.0,0.5
42,10,0.0,0.25
43,1,0.5,0.375
43,2,0.0,0.375
43,3,0.5,0.625
43,4,0.0,0.625
43,5,1.0,0.375
43,6,0.0,0.375
43,7,0.5,0.375
43,8,0.0,0.5
43,9,0.0,0.25
43,10,0.5,0.25
44,1,0.0,0.25
44,2,0.0,0.25
44,3,0.0,0.125
44,4,0.5,0.0
44,5,0.0,0.25
44,6,0.0,0.0
44,7,0.5,0.125
44,8,0.0,0.375
44,9,0.0,0.25
44,10,0.5,0.0
45,1,1.0,0.375
45,2,1.0,0.125
45,3,1.0,0.5
45,4,1.0,0.25
45,5,1.0,0.5
45,6,0.5,0.125
45,7,0.0,0.5
45,8,0.0,0.25
45,9,0.0,0.25
45,10,0.0,0.0
46,1,0.5,0.5
46,2,0.5,0.25
46,3,0.5,0.625
46,4,0.0,0.5
46,5,1.0,0.5
46,6,0.5,0.125
46,7,0.5,0.375
46,8,0.5,0.125
46,9,0.0,0.25
46,10,0.0,0.0
47,1,0.5,0.375
47,2,0.5,0.375
47,3,0.5,0.375
47,4,0.5,0.25
47,5,0.0,0.25
47,6,0.0,0.125
47,7,0.5,0.5
47,8,0.5,0.5
47,9,0.5,0.25
47,10,0.0,0.25
48,1,1.0,0.5
48,2,1.0,0.25
48,3,1.0,0.5
48,4,0.5,0.0
48,5,1.0,0.375
48,6,0.5,0.25
48,7,1.0,0.0
48,8,1.0,0.25
48,9,0.5,0.125
48,10,0.0,0.125
49,1,0.0,0.5
49,2,0.0,0.375
49,3,0.0,0.25
49,4,0.5,0.5
49,5,0.5,0.625
49,6,1.0,0.375
49,7,0.0,0.125
49,8,0.0,0.5
49,9,0.5,0.5
49,10,0.5,0.375
50,1,0.5,0.375
50,2,1.0,0.125
50,3,0.5,0.125
50,4,0.5,0.5
50,5,0.5,0.625
50,6,0.5,0.5
50,7,0.5,0.0
50,8,0.5,0.375
50,9,0.5,0.5
50,10,1.0,0.25
51,1,0.5,0.5
51,2,0.5,0.5
51,3,0.5,0.5
51,4,0.0,0.5
51,5,1.0,0.5
51,6,0.5,0.5
51,7,0.0,0.5
51,8,0.5,0.125
51,9,0.0,0.125
51,10,0.5,0.625
52,1,1.0,0.5
52,2,1.0,0.5
52,3,1.0,0.25
52,4,1.0,0.5
52,5,0.5,0.0
52,6,1.0,0.375
52,7,1.0,0.625
52,8,1.0,0.25
52,9,1.0,0.375
52,10,1.0,0.125
53,1,1.0,0.5
53,2,1.0,0.5
53,3,0.5,0.375
53,4,0.0,0.75
53,5,0.0,0.125
53,6,1.0,0.375
53,7,1.0,0.625
53,8,0.0,0.5
53,9,0.5,0.5
53,10,0.0,0.375
54,1,0.5,0.375
54,2,1.0,0.125
54,3,0.0,0.125
54,4,0.0,0.5
54,5,0.0,0.25
54,6,0.0,0.125
54,7,0.0,0.375
54,8,0.0,0.125
54,9,0.0,0.125
54,10,0.5,0.0
55,1,1.0,0.25
55,2,0.5,0.25
55,3,0.0,0.125
55,4,1.0,0.25
55,5,0.5,0.125
55,6,0.0,0.125
55,7,0.0,0.375
55,8,0.5,0.0
55,9,0.0,0.125
55,10,0.0,0.125
56,1,1.0,0.125
56,2,0.5,0.5
56,3,0.0,0.375
56,4,0.5,0.125
56,5,0.5,0.25
56,6,0.5,0.125
56,7,0.5,0.25
56,8,0.5,0.0
56,9,0.5,0.125
56,10,0.5,0.0
57,1,0.0,0.375
57,2,0.0,0.25
57,3,0.0,0.125
57,4,0.0,0.125
57,5,0.0,0.375
57,6,0.0,0.0
57,7,0.0,0.5
57,8,0.0,0.125
57,9,0.0,0.0
57,10,0.0,0.125
58,1,0.0,0.375
58,2,1.0,0.0
58,3,0.0,0.125
58,4,0.0,0.125
58,5,0.5,0.25
58,6,0.0,0.0
58,7,1.0,0.25
58,8,0.0,0.125
58,9,0.0,0.0
58,10,0.0,0.125
59,1,0.0,0.25
59,2,0.5,0.25
59,3,1.0,0.375
59,4,0.5,0.375
59,5,1.0,0.5
59,6,0.5,0.25
59,7,0.0,0.0
59,8,0.5,0.125
59,9,1.0,0.125
59,10,0.0,0.25
60,1,0.0,0.125
60,2,0.0,0.5
60,3,0.0,0.125
60,4,0.0,0.0
60,5,0.0,0.375
60,6,0.0,0.25
60,7,0.0,0.125
60,8,0.0,0.0
60,9,0.0,0.125
60,10,0.0,0.0
61,1,0.0,0.125
61,2,0.5,0.375
61,3,0.0,0.125
61,4,0.0,0.0
61,5,1.0,0.125
61,6,0.0,0.25
61,7,0.0,0.125
61,8,0.0,0.0
61,9,0.5,0.0
61,10,0.0,0.0
62,1,0.5,0.125
62,2,1.0,0.25
62,3,0.5,0.125
62,4,0.0,0.125
62,5,0.0,0.125
62,6,0.0,0.0
62,7,0.5,0.125
62,8,0.5,0.25
62,9,0.5,0.125
62,10,0.5,0.25
63,1,0.5,0.25
63,2,0.0,0.25
63,3,0.5,0.25
63,4,0.5,0.25
63,5,0.0,0.25
63,6,0.5,0.25
63,7,0.5,0.125
63,8,0.0,0.25
63,9,0.5,0.25
63,10,0.5,0.125
64,1,0.5,0.375
64,2,1.0,0.25
64,3,1.0,0.25
64,4,0.0,0.375
64,5,1.0,0.125
64,6,0.5,0.0
64,7,1.0,0.125
64,8,0.0,0.25
64,9,1.0,0.125
64,10,0.5,0.125
65,1,0.5,0.375
65,2,0.0,0.5
65,3,0.5,0.375
65,4,1.0,0.125
65,5,0.0,0.375
65,6,0.0,0.125
65,7,0.0,0.375
65,8,0.5,0.125
65,9,0.0,0.375
65,10,0.0,0.25
66,1,0.0,0.25
66,2,0.5,0.25
66,3,1.0,0.5
66,4,0.0,0.375
66,5,0.0,0.25
66,6,0.5,0.25
66,7,0.0,0.125
66,8,1.0,0.25
66,9,0.0,0.25
66,10,0.0,0.25
67,1,0.5,0.125
67,2,0.0,0.375
67,3,0.5,0.625
67,4,0.5,0.25
67,5,1.0,0.0
67,6,0.5,0.25
67,7,0.0,0.125
67,8,0.0,0.5
67,9,0.5,0.125
67,10,0.5,0.125
68,1,0.5,0.125
68,2,0.5,0.25
68,3,0.5,0.625
68,4,1.0,0.125
68,5,0.0,0.25
68,6,0.0,0.375
68,7,0.5,0.0
68,8,0.0,0.5
68,9,0.5,0.125
68,10,0.5,0.125
69,1,0.0,0.25
69,2,0.5,0.25
69,3,1.0,0.5
69,4,0.0,0.375
69,5,0.0,0.25
69,6,0.5,0.25
69,7,0.0,0.125
69,8,1.0,0.25
69,9,0.0,0.25
69,10,0.0,0.25
70,1,1.0,0.375
70,2,1.0,0.5
70,3,1.0,0.625
70,4,1.0,0.5
70,5,1.0,0.5
70,6,1.0,0.25
70,7,1.0,0.25
70,8,1.0,0.125
70,9,1.0,0.25
70,10,1.0,0.25
71,1,1.0,0.375
71,2,1.0,0.5
71,3,1.0,0.625
71,4,1.0,0.5
71,5,1.0,0.5
71,6,1.0,0.25
71,7,0.0,0.5
71,8,0.5,0.25
71,9,1.0,0.25
71,10,1.0,0.25
72,1,0.0,0.625
72,2,0.0,0.75
72,3,0.5,0.75
72,4,0.0,0.75
72,5,0.0,0.75
72,6,0.0,0.5
72,7,0.5,0.375
72,8,0.0,0.375
72,9,0.0,0.5
72,10,0.0,0.5
73,1,0.5,0.5
73,2,1.0,0.5
73,3,1.0,0.625
73,4,1.0,0.5
73,5,1.0,0.5
73,6,0.0,0.5
73,7,0.5,0.375
73,8,0.0,0.375
73,9,0.0,0.5
73,10,0.0,0.5
74,1,0.5,0.5
74,2,0.5,0.75
74,3,0.0,0.5
74,4,1.0,0.25
74,5,0.0,0.25
74,6,0.5,0.5
74,7,0.5,0.5
74,8,0.5,0.5
74,9,0.5,0.125
74,10,1.0,0.25
75,1,1.0,0.375
75,2,1.0,0.625
75,3,1.0,0.25
75,4,1.0,0.25
75,5,0.5,0.125
75,6,1.0,0.375
75,7,1.0,0.375
75,8,1.0,0.375
75,9,0.5,0.125
75,10,0.0,0.5
76,1,0.5,0.5
76,2,1.0,0.625
76,3,0.0,0.5
76,4,0.0,0.5
76,5,0.0,0.25
76,6,1.0,0.375
76,7,0.5,0.5
76,8,0.0,0.625
76,9,0.0,0.25
76,10,0.5,0.375
77,1,0.5,0.5
77,2,1.0,0.625
77,3,1.0,0.25
77,4,0.0,0.5
77,5,0.5,0.125
77,6,0.0,0.625
77,7,0.5,0.5
77,8,1.0,0.375
77,9,0.0,0.25
77,10,0.5,0.375
78,1,0.5,0.375
78,2,0.5,0.375
78,3,0.0,0.5
78,4,0.5,0.5
78,5,0.5,0.375
78,6,1.0,0.125
78,7,0.0,0.25
78,8,0.5,0.25
78,9,0.0,0.125
78,10,0.0,0.0
79,1,0.5,0.375
79,2,0.5,0.375
79,3,1.0,0.25
79,4,0.5,0.5
79,5,0.5,0.375
79,6,0.0,0.375
79,7,0.5,0.125
79,8,0.0,0.375
79,9,0.0,0.125
79,10,0.0,0.0
80,1,0.5,0.375
80,2,0.5,0.375
80,3,0.5,0.375
80,4,0.5,0.5
80,5,0.0,0.5
80,6,0.5,0.25
80,7,0.5,0.125
80,8,0.5,0.25
80,9,0.0,0.125
80,10,0.0,0.0
81,1,0.5,0.375
81,2,0.5,0.375
81,3,0.5,0.375
81,4,1.0,0.375
81,5,1.0,0.25
81,6,0.0,0.375
81,7,0.0,0.25
81,8,0.5,0.25
81,9,0.5,0.0
81,10,0.0,0.0
82,1,0.5,0.25
82,2,0.5,0.25
82,3,0.0,0.125
82,4,0.5,0.25
82,5,0.0,0.25
82,6,0.5,0.25
82,7,0.5,0.125
82,8,0.0,0.5
82,9,0.5,0.125
82,10,0.0,0.125
83,1,0.0,0.375
83,2,0.5,0.25
83,3,0.0,0.125
83,4,0.0,0.375
83,5,0.5,0.125
83,6,0.5,0.25
83,7,0.0,0.25
83,8,1.0,0.25
83,9,0.0,0.25
83,10,0.0,0.125
84,1,0.0,0.375
84,2,0.5,0.25
84,3,0.0,0.125
84,4,0.5,0.25
84,5,0.5,0.125
84,6,0.0,0.375
84,7,0.0,0.25
84,8,1.0,0.25
84,9,0.0,0.25
84,10,0.0,0.125
85,1,1.0,0.125
85,2,0.0,0.375
85,3,0.5,0.0
85,4,0.5,0.25
85,5,0.0,0.25
85,6,0.5,0.25
85,7,0.5,0.125
85,8,0.0,0.5
85,9,0.5,0.125
85,10,0.5,0.0
86,1,0.5,0.375
86,2,0.0,0.625
86,3,0.5,0.375
86,4,0.0,0.625
86,5,1.0,0.375
86,6,0.0,0.5
86,7,0.0,0.5
86,8,0.0,0.375
86,9,0.5,0.0
86,10,0.0,0.125
87,1,1.0,0.25
87,2,1.0,0.375
87,3,1.0,0.25
87,4,1.0,0.375
87,5,1.0,0.375
87,6,1.0,0.25
87,7,1.0,0.25
87,8,0.0,0.375
87,9,0.0,0.125
87,10,0.0,0.125
88,1,0.0,0.5
88,2,0.5,0.5
88,3,0.0,0.5
88,4,1.0,0.375
88,5,0.0,0.625
88,6,0.5,0.375
88,7,0.0,0.5
88,8,1.0,0.125
88,9,0.0,0.125
88,10,0.0,0.125
89,1,0.5,0.375
89,2,1.0,0.375
89,3,0.5,0.375
89,4,0.5,0.5
89,5,0.5,0.5
89,6,0.5,0.375
89,7,1.0,0.25
89,8,0.5,0.25
89,9,0.0,0.125
89,10,0.5,0.0
90,1,0.0,0.25
90,2,0.5,0.25
90,3,0.5,0.25
90,4,0.5,0.25
90,5,0.5,0.125
90,6,0.0,0.375
90,7,0.0,0.0
90,8,0.0,0.25
90,9,0.0,0.125
90,10,0.5,0.0
91,1,0.0,0.25
91,2,0.0,0.375
91,3,0.0,0.375
91,4,0.0,0.375
91,5,0.0,0.25
91,6,0.0,0.375
91,7,0.0,0.0
91,8,0.0,0.25
91,9,0.0,0.125
91,10,0.0,0.125
92,1,0.5,0.125
92,2,0.0,0.375
92,3,0.5,0.25
92,4,1.0,0.125
92,5,0.0,0.25
92,6,0.5,0.25
92,7,0.0,0.0
92,8,0.5,0.125
92,9,0.0,0.125
92,10,0.0,0.125
93,1,0.5,0.125
93,2,1.0,0.125
93,3,0.5,0.25
93,4,0.0,0.375
93,5,0.5,0.125
93,6,1.0,0.125
93,7,0.0,0.0
93,8,0.5,0.125
93,9,0.5,0.0
93,10,0.0,0.125
94,1,0.5,0.25
94,2,0.5,0.25
94,3,0.5,0.5
94,4,1.0,0.0
94,5,0.5,0.25
94,6,0.0,0.5
94,7,0.0,0.25
94,8,0.0,0.0
94,9,0.5,0.375
94,10,0.5,0.625
95,1,0.0,0.375
95,2,0.5,0.25
95,3,0.5,0.5
95,4,0.0,0.25
95,5,0.5,0.25
95,6,0.5,0.375
95,7,0.0,0.25
95,8,0.0,0.0
95,9,0.5,0.375
95,10,1.0,0.5
96,1,0.5,0.25
96,2,0.0,0.375
96,3,1.0,0.375
96,4,0.0,0.25
96,5,0.0,0.375
96,6,0.5,0.375
96,7,0.5,0.125
96,8,0.0,0.0
96,9,0.5,0.375
96,10,1.0,0.5
97,1,0.5,0.25
97,2,0.5,0.25
97,3,0.5,0.5
97,4,0.0,0.25
97,5,0.5,0.25
97,6,1.0,0.25
97,7,0.5,0.125
97,8,0.0,0.0
97,9,0.5,0.375
97,10,0.5,0.625
98,1,0.5,0.375
98,2,0.5,0.5
98,3,1.0,0.25
98,4,0.5,0.125
98,5,0.5,0.0
98,6,0.0,0.375
98,7,0.5,0.375
98,8,0.0,0.375
98,9,0.5,0.5
98,10,1.0,0.25
99,1,0.5,0.375
99,2,1.0,0.375
99,3,0.5,0.375
99,4,0.0,0.25
99,5,0.0,0.125
99,6,0.5,0.25
99,7,0.0,0.5
99,8,0.5,0.25
99,9,1.0,0.375
99,10,0.0,0.5
100,1,0.5,0.375
100,2,0.5,0.5
100,3,0.0,0.5
100,4,0.5,0.125
100,5,0.0,0.125
100,6,0.5,0.25
100,7,1.0,0.25
100,8,0.0,0.375
100,9,0.5,0.5
100,10,0.5,0.375
101,1,0.5,0.375
101,2,0.5,0.5
101,3,0.5,0.375
101,4,0.0,0.25
101,5,0.0,0.125
101,6,0.5,0.25
101,7,0.5,0.375
101,8,1.0,0.125
101,9,0.5,0.5
101,10,0.5,0.375
102,1,0.2,0.45
102,2,0.25,0.4625
102,3,0.4,0.2625
102,4,0.2,0.175
102,5,0.2,0.2
102,6,0.2,0.1125
102,7,0.15,0.05
102,8,0.0,0.0
102,9,0.0,0.0875
102,10,0.05,0.0125
103,1,0.4,0.4
103,2,0.45,0.4125
103,3,0.55,0.225
103,4,0.4,0.125
103,5,0.5,0.125
103,6,0.25,0.1
103,7,0.05,0.075
103,8,0.0,0.0
103,9,0.35,0.0
103,10,0.05,0.0125
104,1,1.0,0.25
104,2,1.0,0.275
104,3,0.0,0.3625
104,4,0.0,0.225
104,5,0.0,0.25
104,6,0.0,0.1625
104,7,0.0,0.0875
104,8,0.0,0.0
104,9,0.0,0.0875
104,10,0.0,0.025
105,1,0.4,0.4
105,2,0.4,0.425
105,3,0.5,0.2375
105,4,0.3,0.15
105,5,0.3,0.175
105,6,0.2,0.1125
105,7,0.15,0.05
105,8,0.0,0.0
105,9,0.0,0.0875
105,10,0.0,0.025
106,1,0.5,0.5625
106,2,0.6,0.5
106,3,0.0,0.2
106,4,0.0,0.025
106,5,0.0,0.0
106,6,0.0,0.0
106,7,0.0,0.0
106,8,0.0,0.0
106,9,0.0,0.0
106,10,0.0,0.0
107,1,0.25,0.625
107,2,0.5,0.525
107,3,0.4,0.1
107,4,0.1,0.0
107,5,0.0,0.0
107,6,0.0,0.0
107,7,0.0,0.0
107,8,0.0,0.0
107,9,0.0,0.0
107,10,0.0,0.0
108,1,1.0,0.4375
108,2,0.5,0.525
108,3,0.4,0.1
108,4,0.0,0.025
108,5,0.0,0.0
108,6,0.0,0.0
108,7,0.0,0.0
108,8,0.0,0.0
108,9,0.0,0.0
108,10,0.0,0.0
109,1,1.0,0.4375
109,2,1.0,0.4
109,3,0.0,0.2
109,4,0.0,0.025
109,5,0.0,0.0
109,6,0.0,0.0
109,7,0.0,0.0
109,8,0.0,0.0
109,9,0.0,0.0
109,10,0.0,0.0
110,1,0.25,0.625
110,2,0.35,0.5375
110,3,0.15,0.55
110,4,0.4,0.3625
110,5,0.05,0.3125
110,6,0.4,0.225
110,7,0.05,0.35
110,8,0.05,0.1625
110,9,0.05,0.0875
110,10,0.25,0.25
111,1,0.5,0.5625
111,2,0.5,0.5
111,3,0.5,0.4625
111,4,0.5,0.3375
111,5,0.5,0.2
111,6,0.4,0.225
111,7,0.45,0.25
111,8,0.5,0.05
111,9,0.35,0.0125
111,10,0.0,0.3125
112,1,1.0,0.4375
112,2,0.75,0.4375
112,3,0.7,0.4125
112,4,0.7,0.2875
112,5,0.0,0.325
112,6,0.0,0.325
112,7,0.1,0.3375
112,8,0.05,0.1625
112,9,0.0,0.1
112,10,0.0,0.3125
113,1,1.0,0.4375
113,2,0.9,0.4
113,3,1.0,0.3375
113,4,0.25,0.4
113,5,0.75,0.1375
113,6,0.5,0.2
113,7,0.85,0.15
113,8,0.1,0.15
113,9,0.0,0.1
113,10,1.0,0.0625
114,1,0.5,0.4
114,2,0.5,0.4625
114,3,0.6,0.4375
114,4,0.5,0.1375
114,5,0.0,0.1125
114,6,0.25,0.25
114,7,0.25,0.3375
114,8,0.25,0.275
114,9,0.25,0.05
114,10,0.0,0.3375
115,1,0.65,0.3625
115,2,0.6,0.4375
115,3,0.8,0.3875
115,4,0.35,0.175
115,5,0.15,0.075
115,6,0.5,0.1875
115,7,0.55,0.2625
115,8,0.7,0.1625
115,9,0.05,0.1
115,10,0.75,0.15
116,1,0.55,0.3875
116,2,0.75,0.4
116,3,0.2,0.5375
116,4,0.1,0.2375
116,5,0.2,0.0625
116,6,0.25,0.25
116,7,0.55,0.2625
116,8,0.3,0.2625
116,9,0.15,0.075
116,10,0.6,0.1875
117,1,0.4,0.425
117,2,0.5,0.4625
117,3,0.75,0.4
117,4,0.1,0.2375
117,5,0.1,0.0875
117,6,0.25,0.25
117,7,0.25,0.3375
117,8,0.1,0.3125
117,9,0.0,0.1125
117,10,0.0,0.3375
118,1,1.0,0.3125
118,2,1.0,0.25
118,3,1.0,0.0875
118,4,0.0,0.0125
118,5,0.0,0.3125
118,6,0.0,0.275
118,7,0.0,0.375
118,8,1.0,0.1875
118,9,0.0,0.3125
118,10,0.0,0.0125
119,1,0.5,0.4375
119,2,0.0,0.5
119,3,0.0,0.3375
119,4,0.0,0.0125
119,5,0.75,0.125
119,6,0.25,0.2125
119,7,1.0,0.125
119,8,0.0,0.4375
119,9,0.25,0.25
119,10,0.0,0.0125
120,1,0.75,0.375
120,2,0.85,0.2875
120,3,0.1,0.3125
120,4,0.05,0.0
120,5,0.25,0.25
120,6,0.35,0.1875
120,7,0.5,0.25
120,8,0.5,0.3125
120,9,0.75,0.125
120,10,0.05,0.0
121,1,0.0,0.5625
121,2,0.15,0.4625
121,3,0.25,0.275
121,4,0.0,0.0125
121,5,0.25,0.25
121,6,0.5,0.15
121,7,0.0,0.375
121,8,0.25,0.375
121,9,0.25,0.25
121,10,0.0,0.0125
122,1,0.5,0.625
122,2,0.5,0.6
122,3,0.5,0.525
122,4,0.5,0.525
122,5,0.25,0.4375
122,6,0.5,0.45
122,7,0.25,0.25
122,8,0.25,0.5
122,9,0.25,0.5
122,10,0.25,0.0
123,1,1.0,0.5
123,2,1.0,0.475
123,3,0.5,0.525
123,4,0.5,0.525
123,5,0.25,0.4375
123,6,0.0,0.575
123,7,0.0,0.3125
123,8,0.5,0.4375
123,9,0.0,0.5625
123,10,0.0,0.0625
124,1,1.0,0.5
124,2,1.0,0.475
124,3,1.0,0.4
124,4,1.0,0.4
124,5,1.0,0.25
124,6,1.0,0.325
124,7,1.0,0.0625
124,8,1.0,0.3125
124,9,1.0,0.3125
124,10,0.0,0.0625
125,1,0.5,0.625
125,2,0.4,0.625
125,3,0.6,0.5
125,4,0.6,0.5
125,5,0.5,0.375
125,6,0.8,0.375
125,7,0.0,0.3125
125,8,0.5,0.4375
125,9,1.0,0.3125
125,10,0.0,0.0625
126,1,1.0,0.625
126,2,1.0,0.75
126,3,1.0,0.75
126,4,1.0,0.75
126,5,1.0,0.75
126,6,1.0,0.75
126,7,1.0,0.75
126,8,1.0,0.75
126,9,1.0,0.75
126,10,0.0,0.25
127,1,0.5,0.75
127,2,1.0,0.75
127,3,1.0,0.75
127,4,1.0,0.75
127,5,1.0,0.75
127,6,1.0,0.75
127,7,1.0,0.75
127,8,1.0,0.75
127,9,1.0,0.75
127,10,0.0,0.25
128,1,1.0,0.625
128,2,1.0,0.75
128,3,1.0,0.75
128,4,1.0,0.75
128,5,1.0,0.75
128,6,1.0,0.75
128,7,1.0,0.75
128,8,1.0,0.75
128,9,1.0,0.75
128,10,0.0,0.25
129,1,1.0,0.625
129,2,1.0,0.75
129,3,1.0,0.75
129,4,1.0,0.75
129,5,1.0,0.75
129,6,1.0,0.75
129,7,1.0,0.75
129,8,1.0,0.75
129,9,1.0,0.75
129,10,1.0,0.0
130,1,0.5,0.5
130,2,1.0,0.3375
130,3,0.75,0.2875
130,4,0.6,0.125
130,5,0.0,0.4
130,6,0.5,0.3625
130,7,0.5,0.2
130,8,0.5,0.2125
130,9,0.5,0.175
130,10,0.0,0.3
131,1,1.0,0.375
131,2,0.0,0.5875
131,3,0.25,0.4125
131,4,0.0,0.275
131,5,0.5,0.275
131,6,0.25,0.425
131,7,0.15,0.2875
131,8,0.5,0.2125
131,9,0.25,0.2375
131,10,0.1,0.275
132,1,0.0,0.625
132,2,0.5,0.4625
132,3,0.0,0.475
132,4,0.0,0.275
132,5,0.1,0.375
132,6,0.2,0.4375
132,7,0.25,0.2625
132,8,0.15,0.3
132,9,0.2,0.25
132,10,0.1,0.275
133,1,1.0,0.375
133,2,0.85,0.375
133,3,0.9,0.25
133,4,0.5,0.15
133,5,1.0,0.15
133,6,1.0,0.2375
133,7,0.4,0.225
133,8,0.2,0.2875
133,9,0.25,0.2375
133,10,1.0,0.05
134,1,0.5,0.4125
134,2,0.8,0.2875
134,3,0.7,0.375
134,4,0.7,0.2125
134,5,0.5,0.3125
134,6,0.45,0.125
134,7,0.0,0.2
134,8,0.0,0.05
134,9,0.2,0.0375
134,10,0.0,0.075
135,1,1.0,0.2875
135,2,0.5,0.3625
135,3,0.5,0.425
135,4,0.0,0.3875
135,5,0.25,0.375
135,6,0.0,0.2375
135,7,0.0,0.2
135,8,0.0,0.05
135,9,0.0,0.0875
135,10,0.0,0.075
136,1,0.4,0.4375
136,2,0.55,0.35
136,3,0.6,0.4
136,4,0.55,0.25
136,5,0.5,0.3125
136,6,0.25,0.175
136,7,0.3,0.125
136,8,0.2,0.0
136,9,0.0,0.0875
136,10,0.3,0.0
137,1,0.25,0.475
137,2,0.1,0.4625
137,3,0.4,0.45
137,4,0.3,0.3125
137,5,0.5,0.3125
137,6,0.25,0.175
137,7,0.5,0.075
137,8,0.0,0.05
137,9,0.15,0.05
137,10,0.0,0.075
138,1,0.4,0.4125
138,2,0.4,0.5
138,3,0.5,0.45
138,4,0.4,0.4
138,5,0.7,0.4
138,6,0.45,0.4125
138,7,0.45,0.4
138,8,0.4,0.4
138,9,0.4,0.4125
138,10,0.4,0.2375
139,1,0.15,0.475
139,2,0.35,0.5125
139,3,0.5,0.45
139,4,0.5,0.375
139,5,0.5,0.45
139,6,0.5,0.4
139,7,0.5,0.3875
139,8,0.5,0.375
139,9,0.6,0.3625
139,10,0.0,0.3375
140,1,0.5,0.3875
140,2,0.75,0.4125
140,3,0.55,0.4375
140,4,0.6,0.35
140,5,0.55,0.4375
140,6,0.55,0.3875
140,7,0.55,0.375
140,8,0.55,0.3625
140,9,0.55,0.375
140,10,0.5,0.2125
141,1,1.0,0.2625
141,2,0.9,0.375
141,3,0.75,0.3875
141,4,0.5,0.375
141,5,0.55,0.4375
141,6,0.6,0.375
141,7,0.55,0.375
141,8,0.55,0.3625
141,9,0.5,0.3875
141,10,0.45,0.225
142,1,0.1,0.3125
142,2,0.25,0.475
142,3,0.55,0.3
142,4,0.25,0.1875
142,5,0.5,0.2125
142,6,0.0,0.25
142,7,0.0,0.2
142,8,0.15,0.0875
142,9,0.0,0.0125
142,10,0.0,0.0625
143,1,0.0,0.3375
143,2,0.5,0.4125
143,3,0.7,0.2625
143,4,0.5,0.125
143,5,0.0,0.3375
143,6,0.0,0.25
143,7,0.0,0.2
143,8,0.0,0.125
143,9,0.0,0.0125
143,10,0.0,0.0625
144,1,1.0,0.0875
144,2,1.0,0.2875
144,3,0.0,0.4375
144,4,0.0,0.25
144,5,0.5,0.2125
144,6,0.75,0.0625
144,7,0.5,0.075
144,8,0.0,0.125
144,9,0.0,0.0125
144,10,0.0,0.0625
145,1,0.25,0.275
145,2,0.4,0.4375
145,3,0.5,0.3125
145,4,0.25,0.1875
145,5,0.35,0.25
145,6,0.25,0.1875
145,7,0.3,0.125
145,8,0.35,0.0375
145,9,0.05,0.0
145,10,0.25,0.0
146,1,1.0,0.575
146,2,1.0,0.5375
146,3,0.5,0.525
146,4,0.5,0.5125
146,5,0.5,0.2625
146,6,0.75,0.0625
146,7,0.5,0.1875
146,8,0.5,0.2625
146,9,0.5,0.0875
146,10,0.0,0.125
147,1,1.0,0.575
147,2,0.75,0.6
147,3,0.75,0.4625
147,4,0.75,0.45
147,5,0.75,0.2
147,6,0.0,0.25
147,7,0.0,0.3125
147,8,0.75,0.2
147,9,0.0,0.2125
147,10,0.5,0.0
148,1,0.3,0.75
148,2,0.4,0.6875
148,3,0.35,0.5625
148,4,0.3,0.5625
148,5,0.3,0.3125
148,6,0.25,0.1875
148,7,0.25,0.25
148,8,0.3,0.3125
148,9,0.35,0.125
148,10,0.0,0.125
149,1,1.0,0.575
149,2,1.0,0.5375
149,3,1.0,0.4
149,4,1.0,0.3875
149,5,0.0,0.3875
149,6,0.0,0.25
149,7,0.5,0.1875
149,8,0.0,0.3875
149,9,0.0,0.2125
149,10,0.0,0.125
150,1,0.5,0.375
150,2,1.0,0.25
150,3,1.0,0.1875
150,4,1.0,0.1625
150,5,0.25,0.15
150,6,0.0,0.15
150,7,0.0,0.0375
150,8,0.0,0.0
150,9,0.0,0.0
150,10,0.0,0.0
151,1,0.5,0.375
151,2,0.5,0.375
151,3,0.25,0.375
151,4,0.25,0.35
151,5,0.25,0.15
151,6,0.35,0.0625
151,7,0.0,0.0375
151,8,0.0,0.0
151,9,0.0,0.0
151,10,0.0,0.0
152,1,0.0,0.5
152,2,0.0,0.5
152,3,0.0,0.4375
152,4,0.0,0.4125
152,5,0.0,0.2125
152,6,0.0,0.15
152,7,0.0,0.0375
152,8,0.0,0.0
152,9,0.0,0.0
152,10,0.0,0.0
153,1,1.0,0.25
153,2,0.5,0.375
153,3,0.5,0.3125
153,4,0.4,0.3125
153,5,0.35,0.125
153,6,0.25,0.0875
153,7,0.15,0.0
153,8,0.0,0.0
153,9,0.0,0.0
153,10,0.0,0.0
154,1,0.4,0.5625
154,2,0.6,0.65
154,3,0.3,0.6375
154,4,0.2,0.575
154,5,0.3,0.5625
154,6,0.0,0.4625
154,7,0.0,0.4625
154,8,0.0,0.275
154,9,0.0,0.375
154,10,0.0,0.1375
155,1,1.0,0.4125
155,2,1.0,0.55
155,3,0.95,0.475
155,4,0.75,0.4375
155,5,0.75,0.45
155,6,0.75,0.275
155,7,0.75,0.275
155,8,1.0,0.025
155,9,0.75,0.1875
155,10,0.5,0.0125
156,1,0.75,0.475
156,2,0.6,0.65
156,3,0.85,0.5
156,4,0.75,0.4375
156,5,1.0,0.3875
156,6,0.6,0.3125
156,7,0.75,0.275
156,8,0.0,0.275
156,9,0.75,0.1875
156,10,0.05,0.125
157,1,0.5,0.5375
157,2,1.0,0.55
157,3,0.75,0.525
157,4,0.8,0.425
157,5,0.5,0.5125
157,6,0.5,0.3375
157,7,0.35,0.375
157,8,0.1,0.25
157,9,0.0,0.375
157,10,0.0,0.1375
158,1,1.0,0.625
158,2,1.0,0.6875
158,3,1.0,0.75
158,4,1.0,0.6875
158,5,1.0,0.6875
158,6,1.0,0.5625
158,7,1.0,0.5625
158,8,1.0,0.4625
158,9,1.0,0.4375
158,10,0.0,0.0625
159,1,0.5,0.75
159,2,0.75,0.75
159,3,1.0,0.75
159,4,1.0,0.6875
159,5,1.0,0.6875
159,6,0.5,0.6875
159,7,0.5,0.6875
159,8,0.6,0.5625
159,9,0.5,0.5625
159,10,0.25,0.0
160,1,1.0,0.625
160,2,1.0,0.6875
160,3,1.0,0.75
160,4,1.0,0.6875
160,5,1.0,0.6875
160,6,1.0,0.5625
160,7,0.75,0.625
160,8,0.75,0.525
160,9,0.75,0.5
160,10,0.0,0.0625
161,1,1.0,0.625
161,2,1.0,0.6875
161,3,1.0,0.75
161,4,0.75,0.75
161,5,0.75,0.75
161,6,0.75,0.625
161,7,1.0,0.5625
161,8,0.5,0.5875
161,9,0.5,0.5625
161,10,0.0,0.0625
162,1,1.0,0.625
162,2,1.0,0.75
162,3,1.0,0.75
162,4,1.0,0.625
162,5,1.0,0.4375
162,6,0.0,0.5
162,7,0.0,0.025
162,8,0.0,0.25
162,9,0.0,0.5
162,10,0.0,0.0625
163,1,1.0,0.625
163,2,1.0,0.75
163,3,1.0,0.75
163,4,1.0,0.625
163,5,1.0,0.4375
163,6,1.0,0.25
163,7,0.0,0.025
163,8,0.0,0.25
163,9,1.0,0.25
163,10,0.0,0.0625
164,1,0.5,0.75
164,2,1.0,0.75
164,3,1.0,0.75
164,4,1.0,0.625
164,5,0.0,0.6875
164,6,1.0,0.25
164,7,0.1,0.0
164,8,0.0,0.25
164,9,0.0,0.5
164,10,0.25,0.0
165,1,1.0,0.625
165,2,1.0,0.75
165,3,1.0,0.75
165,4,0.5,0.75
165,5,0.75,0.5
165,6,0.0,0.5
165,7,0.0,0.025
165,8,1.0,0.0
165,9,1.0,0.25
165,10,0.0,0.0625
166,1,0.0,0.5375
166,2,0.0,0.25
166,3,0.0,0.1
166,4,0.0,0.25
166,5,0.0,0.0
166,6,0.0,0.0
166,7,0.0,0.0
166,8,0.0,0.0
166,9,0.0,0.0
166,10,0.0,0.0
167,1,0.4,0.4375
167,2,1.0,0.0
167,3,0.4,0.0
167,4,1.0,0.0
167,5,0.0,0.0
167,6,0.0,0.0
167,7,0.0,0.0
167,8,0.0,0.0
167,9,0.0,0.0
167,10,0.0,0.0
168,1,1.0,0.2875
168,2,0.0,0.25
168,3,0.0,0.1
168,4,0.0,0.25
168,5,0.0,0.0
168,6,0.0,0.0
168,7,0.0,0.0
168,8,0.0,0.0
168,9,0.0,0.0
168,10,0.0,0.0
169,1,0.75,0.35
169,2,0.0,0.25
169,3,0.0,0.1
169,4,0.0,0.25
169,5,0.0,0.0
169,6,0.0,0.0
169,7,0.0,0.0
169,8,0.0,0.0
169,9,0.0,0.0
169,10,0.0,0.0
170,1,0.75,0.5625
170,2,0.75,0.625
170,3,1.0,0.5
170,4,0.75,0.4375
170,5,0.75,0.375
170,6,0.75,0.3125
170,7,0.75,0.125
170,8,0.0,0.3125
170,9,0.5,0.125
170,10,0.5,0.125
171,1,0.75,0.5625
171,2,0.75,0.625
171,3,1.0,0.5
171,4,1.0,0.375
171,5,0.75,0.375
171,6,0.75,0.3125
171,7,0.0,0.3125
171,8,0.5,0.1875
171,9,0.0,0.25
171,10,0.0,0.25
172,1,1.0,0.5
172,2,1.0,0.5625
172,3,0.5,0.625
172,4,0.25,0.5625
172,5,0.0,0.5625
172,6,0.0,0.5
172,7,0.0,0.3125
172,8,0.5,0.1875
172,9,0.0,0.25
172,10,0.0,0.25
173,1,0.5,0.625
173,2,0.75,0.625
173,3,0.5,0.625
173,4,0.5,0.5
173,5,0.75,0.375
173,6,0.5,0.375
173,7,0.5,0.1875
173,8,0.25,0.25
173,9,0.5,0.125
173,10,0.5,0.125
174,1,1.0,0.6875
174,2,1.0,0.625
174,3,1.0,0.625
174,4,0.75,0.5625
174,5,0.8,0.525
174,6,1.0,0.45
174,7,1.0,0.5
174,8,1.0,0.375
174,9,1.0,0.3625
174,10,0.0,0.3875
175,1,1.0,0.6875
175,2,1.0,0.625
175,3,1.0,0.625
175,4,0.75,0.5625
175,5,0.75,0.5375
175,6,0.75,0.5125
175,7,0.75,0.5625
175,8,0.75,0.4375
175,9,0.75,0.425
175,10,1.0,0.1375
176,1,0.75,0.75
176,2,0.5,0.75
176,3,0.5,0.75
176,4,0.5,0.625
176,5,0.75,0.5375
176,6,0.5,0.575
176,7,0.75,0.5625
176,8,0.25,0.5625
176,9,0.25,0.55
176,10,0.0,0.3875
177,1,1.0,0.6875
177,2,1.0,0.625
177,3,1.0,0.625
177,4,1.0,0.5
177,5,0.6,0.575
177,6,0.55,0.5625
177,7,0.5,0.625
177,8,0.5,0.5
177,9,0.45,0.5
177,10,0.55,0.25
178,1,0.25,0.1875
178,2,0.5,0.0875
178,3,0.25,0.225
178,4,1.0,0.025
178,5,0.35,0.05
178,6,0.35,0.1
178,7,0.35,0.125
178,8,0.25,0.0875
178,9,0.5,0.075
178,10,0.25,0.075
179,1,0.0,0.25
179,2,0.0,0.2125
179,3,0.0,0.2875
179,4,0.0,0.275
179,5,0.0,0.1375
179,6,0.0,0.1875
179,7,0.0,0.2125
179,8,0.0,0.15
179,9,0.0,0.2
179,10,0.0,0.1375
180,1,0.0,0.25
180,2,0.0,0.2125
180,3,0.0,0.2875
180,4,0.0,0.275
180,5,0.0,0.1375
180,6,0.0,0.1875
180,7,0.0,0.2125
180,8,0.0,0.15
180,9,0.0,0.2
180,10,0.0,0.1375
181,1,0.75,0.0625
181,2,0.35,0.125
181,3,0.9,0.0625
181,4,0.1,0.25
181,5,0.2,0.0875
181,6,0.4,0.0875
181,7,0.5,0.0875
181,8,0.35,0.0625
181,9,0.3,0.125
181,10,0.3,0.0625
182,1,1.0,0.3125
182,2,1.0,0.3125
182,3,0.9,0.0625
182,4,0.0,0.125
182,5,0.0,0.125
182,6,0.0,0.075
182,7,0.0,0.075
182,8,0.0,0.0625
182,9,0.0,0.0
182,10,0.0,0.0
183,1,0.25,0.5
183,2,0.25,0.5
183,3,0.25,0.225
183,4,0.25,0.0625
183,5,0.25,0.0625
183,6,0.25,0.0125
183,7,0.25,0.0125
183,8,0.25,0.0
183,9,0.0,0.0
183,10,0.0,0.0
184,1,1.0,0.3125
184,2,1.0,0.3125
184,3,0.0,0.2875
184,4,0.0,0.125
184,5,0.0,0.125
184,6,0.0,0.075
184,7,0.0,0.075
184,8,0.0,0.0625
184,9,0.0,0.0
184,10,0.0,0.0
185,1,0.0,0.5625
185,2,0.0,0.5625
185,3,0.0,0.2875
185,4,0.25,0.0625
185,5,0.25,0.0625
185,6,0.05,0.0625
185,7,0.05,0.0625
185,8,0.0,0.0625
185,9,0.0,0.0
185,10,0.0,0.0
186,1,1.0,0.75
186,2,1.0,0.75
186,3,1.0,0.75
186,4,1.0,0.75
186,5,1.0,0.7375
186,6,1.0,0.75
186,7,1.0,0.6875
186,8,1.0,0.75
186,9,1.0,0.6875
186,10,1.0,0.5
187,1,1.0,0.75
187,2,1.0,0.75
187,3,1.0,0.75
187,4,1.0,0.75
187,5,0.95,0.75
187,6,1.0,0.75
187,7,0.75,0.75
187,8,1.0,0.75
187,9,0.75,0.75
187,10,1.0,0.5
188,1,1.0,0.75
188,2,1.0,0.75
188,3,1.0,0.75
188,4,1.0,0.75
188,5,1.0,0.7375
188,6,1.0,0.75
188,7,1.0,0.6875
188,8,1.0,0.75
188,9,1.0,0.6875
188,10,0.0,0.75
189,1,1.0,0.75
189,2,1.0,0.75
189,3,1.0,0.75
189,4,1.0,0.75
189,5,1.0,0.7375
189,6,1.0,0.75
189,7,1.0,0.6875
189,8,1.0,0.75
189,9,1.0,0.6875
189,10,1.0,0.5
190,1,1.0,0.625
190,2,1.0,0.75
190,3,1.0,0.6875
190,4,1.0,0.75
190,5,1.0,0.75
190,6,1.0,0.75
190,7,1.0,0.625
190,8,1.0,0.75
190,9,1.0,0.75
190,10,1.0,0.6625
191,1,0.5,0.75
191,2,1.0,0.75
191,3,0.75,0.75
191,4,1.0,0.75
191,5,1.0,0.75
191,6,1.0,0.75
191,7,0.5,0.75
191,8,1.0,0.75
191,9,1.0,0.75
191,10,1.0,0.6625
192,1,1.0,0.625
192,2,1.0,0.75
192,3,1.0,0.6875
192,4,1.0,0.75
192,5,1.0,0.75
192,6,1.0,0.75
192,7,1.0,0.625
192,8,1.0,0.75
192,9,1.0,0.75
192,10,0.75,0.725
193,1,1.0,0.625
193,2,1.0,0.75
193,3,1.0,0.6875
193,4,1.0,0.75
193,5,1.0,0.75
193,6,1.0,0.75
193,7,1.0,0.625
193,8,1.0,0.75
193,9,1.0,0.75
193,10,0.9,0.6875
194,1,1.0,0.625
194,2,1.0,0.75
194,3,1.0,0.75
194,4,1.0,0.75
194,5,1.0,0.75
194,6,1.0,0.75
194,7,1.0,0.75
194,8,1.0,0.75
194,9,0.0,0.6875
194,10,0.25,0.4375
195,1,0.75,0.6875
195,2,1.0,0.75
195,3,1.0,0.75
195,4,1.0,0.75
195,5,1.0,0.75
195,6,1.0,0.75
195,7,1.0,0.75
195,8,1.0,0.75
195,9,0.75,0.5
195,10,0.0,0.5
196,1,0.75,0.6875
196,2,1.0,0.75
196,3,1.0,0.75
196,4,1.0,0.75
196,5,1.0,0.75
196,6,1.0,0.75
196,7,1.0,0.75
196,8,1.0,0.75
196,9,1.0,0.4375
196,10,0.75,0.3125
197,1,1.0,0.625
197,2,1.0,0.75
197,3,1.0,0.75
197,4,1.0,0.75
197,5,1.0,0.75
197,6,1.0,0.75
197,7,1.0,0.75
197,8,1.0,0.75
197,9,1.0,0.4375
197,10,1.0,0.25
198,1,1.0,0.4375
198,2,0.75,0.5
198,3,0.5,0.3125
198,4,0.0,0.25
198,5,0.25,0.0
198,6,0.0,0.0
198,7,0.0,0.0
198,8,0.0,0.0
198,9,0.05,0.0125
198,10,0.0,0.025
199,1,1.0,0.4375
199,2,1.0,0.4375
199,3,1.0,0.1875
199,4,1.0,0.0
199,5,0.0,0.0625
199,6,0.0,0.0
199,7,0.0,0.0
199,8,0.0,0.0
199,9,0.0,0.025
199,10,0.0,0.025
200,1,0.0,0.6875
200,2,0.25,0.625
200,3,0.25,0.375
200,4,0.0,0.25
200,5,0.0,0.0625
200,6,0.0,0.0
200,7,0.0,0.0
200,8,0.0,0.0
200,9,0.0,0.025
200,10,0.0,0.025
201,1,0.75,0.5
201,2,0.75,0.5
201,3,0.0,0.4375
201,4,0.0,0.25
201,5,0.0,0.0625
201,6,0.0,0.0
201,7,0.0,0.0
201,8,0.0,0.0
201,9,0.05,0.0125
201,10,0.1,0.0
202,1,1.0,0.5
202,2,0.7,0.725
202,3,0.75,0.5625
202,4,0.75,0.625
202,5,0.75,0.575
202,6,0.75,0.5625
202,7,0.75,0.55
202,8,0.75,0.5
202,9,0.5,0.5
202,10,0.25,0.2125
203,1,1.0,0.5
203,2,0.9,0.675
203,3,1.0,0.5
203,4,1.0,0.5625
203,5,0.9,0.5375
203,6,1.0,0.5
203,7,0.85,0.525
203,8,0.75,0.5
203,9,1.0,0.375
203,10,0.0,0.275
204,1,0.5,0.625
204,2,1.0,0.65
204,3,0.75,0.5625
204,4,0.75,0.625
204,5,0.75,0.575
204,6,0.75,0.5625
204,7,0.75,0.55
204,8,0.75,0.5
204,9,0.75,0.4375
204,10,0.75,0.0875
205,1,0.5,0.625
205,2,1.0,0.65
205,3,0.5,0.625
205,4,0.75,0.625
205,5,0.65,0.6
205,6,0.5,0.625
205,7,0.6,0.5875
205,8,0.5,0.5625
205,9,0.25,0.5625
205,10,0.1,0.25
206,1,1.0,0.4875
206,2,1.0,0.525
206,3,0.75,0.4625
206,4,0.75,0.3875
206,5,0.5,0.425
206,6,0.5,0.125
206,7,0.25,0.15
206,8,0.25,0.375
206,9,0.0,0.125
206,10,0.0,0.025
207,1,0.45,0.625
207,2,0.5,0.65
207,3,0.35,0.5625
207,4,0.4,0.475
207,5,0.25,0.4875
207,6,0.5,0.125
207,7,0.3,0.1375
207,8,1.0,0.1875
207,9,0.25,0.0625
207,10,0.1,0.0
208,1,1.0,0.4875
208,2,1.0,0.525
208,3,1.0,0.4
208,4,0.5,0.45
208,5,1.0,0.3
208,6,0.0,0.25
208,7,0.25,0.15
208,8,0.5,0.3125
208,9,0.25,0.0625
208,10,0.0,0.025
209,1,0.5,0.6125
209,2,0.6,0.625
209,3,0.5,0.525
209,4,0.65,0.4125
209,5,0.45,0.4375
209,6,0.0,0.25
209,7,0.05,0.2
209,8,0.0,0.4375
209,9,0.0,0.125
209,10,0.0,0.025
210,1,0.5,0.625
210,2,0.5,0.6875
210,3,1.0,0.75
210,4,0.5,0.75
210,5,0.5,0.5
210,6,0.5,0.5625
210,7,0.75,0.5625
210,8,0.5,0.625
210,9,0.5,0.625
210,10,0.5,0.4375
211,1,0.5,0.625
211,2,0.75,0.625
211,3,1.0,0.75
211,4,1.0,0.625
211,5,1.0,0.375
211,6,0.75,0.5
211,7,1.0,0.5
211,8,1.0,0.5
211,9,1.0,0.5
211,10,1.0,0.3125
212,1,1.0,0.5
212,2,1.0,0.5625
212,3,1.0,0.75
212,4,1.0,0.625
212,5,1.0,0.375
212,6,0.5,0.5625
212,7,0.5,0.625
212,8,0.5,0.625
212,9,0.5,0.625
212,10,0.0,0.5625
213,1,1.0,0.5
213,2,1.0,0.5625
213,3,1.0,0.75
213,4,1.0,0.625
213,5,0.0,0.625
213,6,1.0,0.4375
213,7,0.75,0.5625
213,8,1.0,0.5
213,9,1.0,0.5
213,10,0.75,0.375
214,1,0.5,0.65
214,2,0.75,0.7
214,3,0.85,0.6875
214,4,0.75,0.75
214,5,0.75,0.675
214,6,1.0,0.625
214,7,0.75,0.6625
214,8,0.75,0.6875
214,9,0.75,0.5625
214,10,0.75,0.7125
215,1,0.6,0.625
215,2,0.8,0.6875
215,3,0.75,0.7125
215,4,1.0,0.6875
215,5,0.7,0.6875
215,6,0.5,0.75
215,7,0.65,0.6875
215,8,0.75,0.6875
215,9,0.25,0.6875
215,10,0.85,0.6875
216,1,1.0,0.525
216,2,1.0,0.6375
216,3,1.0,0.65
216,4,1.0,0.6875
216,5,1.0,0.6125
216,6,1.0,0.625
216,7,1.0,0.6
216,8,1.0,0.625
216,9,1.0,0.5
216,10,1.0,0.65
217,1,1.0,0.525
217,2,1.0,0.6375
217,3,1.0,0.65
217,4,1.0,0.6875
217,5,1.0,0.6125
217,6,1.0,0.625
217,7,1.0,0.6
217,8,1.0,0.625
217,9,1.0,0.5
217,10,1.0,0.65
218,1,1.0,0.4375
218,2,1.0,0.425
218,3,0.9,0.1125
218,4,0.0,0.15
218,5,0.0,0.2
218,6,0.35,0.2625
218,7,0.4,0.2125
218,8,0.45,0.075
218,9,0.0,0.1
218,10,0.0,0.025
219,1,0.4,0.5875
219,2,0.45,0.5625
219,3,0.3,0.2625
219,4,0.5,0.025
219,5,0.0,0.2
219,6,0.15,0.3125
219,7,0.25,0.25
219,8,0.2,0.1375
219,9,0.3,0.025
219,10,0.0,0.025
220,1,0.35,0.6
220,2,0.25,0.6125
220,3,0.15,0.3
220,4,0.1,0.125
220,5,0.0,0.2
220,6,0.1,0.325
220,7,0.1,0.2875
220,8,0.1,0.1625
220,9,0.1,0.075
220,10,0.1,0.0
221,1,1.0,0.4375
221,2,1.0,0.425
221,3,0.0,0.3375
221,4,0.0,0.15
221,5,0.8,0.0
221,6,0.8,0.15
221,7,0.5,0.1875
221,8,0.0,0.1875
221,9,0.0,0.1
221,10,0.0,0.025
222,1,0.75,0.4375
222,2,0.5,0.25
222,3,0.75,0.2625
222,4,0.6,0.3125
222,5,0.5,0.0
222,6,0.4,0.0625
222,7,0.0,0.1875
222,8,0.25,0.0
222,9,0.0,0.0
222,10,0.1,0.0
223,1,1.0,0.375
223,2,0.75,0.1875
223,3,0.75,0.2625
223,4,0.75,0.275
223,5,0.0,0.125
223,6,0.25,0.1
223,7,0.5,0.0625
223,8,0.0,0.0625
223,9,0.0,0.0
223,10,0.0,0.025
224,1,0.75,0.4375
224,2,0.25,0.3125
224,3,0.3,0.375
224,4,0.5,0.3375
224,5,0.0,0.125
224,6,0.0,0.1625
224,7,0.25,0.125
224,8,0.0,0.0625
224,9,0.0,0.0
224,10,0.0,0.025
225,1,0.0,0.625
225,2,0.0,0.375
225,3,0.0,0.45
225,4,0.0,0.4625
225,5,0.0,0.125
225,6,0.0,0.1625
225,7,0.0,0.1875
225,8,0.0,0.0625
225,9,0.0,0.0
225,10,0.0,0.025
226,1,1.0,0.75
226,2,1.0,0.75
226,3,1.0,0.75
226,4,1.0,0.75
226,5,1.0,0.75
226,6,1.0,0.75
226,7,1.0,0.75
226,8,1.0,0.75
226,9,1.0,0.75
226,10,1.0,0.75
227,1,1.0,0.75
227,2,1.0,0.75
227,3,1.0,0.75
227,4,1.0,0.75
227,5,1.0,0.75
227,6,1.0,0.75
227,7,1.0,0.75
227,8,1.0,0.75
227,9,1.0,0.75
227,10,1.0,0.75
228,1,1.0,0.75
228,2,1.0,0.75
228,3,1.0,0.75
228,4,1.0,0.75
228,5,1.0,0.75
228,6,1.0,0.75
228,7,1.0,0.75
228,8,1.0,0.75
228,9,1.0,0.75
228,10,1.0,0.75
229,1,1.0,0.75
229,2,1.0,0.75
229,3,1.0,0.75
229,4,1.0,0.75
229,5,1.0,0.75
229,6,1.0,0.75
229,7,1.0,0.75
229,8,1.0,0.75
229,9,1.0,0.75
229,10,1.0,0.75
230,1,0.8,0.625
230,2,0.65,0.6625
230,3,0.65,0.25
230,4,0.15,0.25
230,5,0.25,0.125
230,6,0.25,0.0625
230,7,0.15,0.0
230,8,0.0,0.0
230,9,0.0,0.0
230,10,0.0,0.0
231,1,1.0,0.575
231,2,1.0,0.575
231,3,0.0,0.4125
231,4,1.0,0.0375
231,5,0.0,0.1875
231,6,0.0,0.125
231,7,0.0,0.0375
231,8,0.0,0.0
231,9,0.0,0.0
231,10,0.0,0.0
232,1,1.0,0.575
232,2,0.75,0.6375
232,3,0.5,0.2875
232,4,0.0,0.2875
232,5,0.25,0.125
232,6,0.25,0.0625
232,7,0.0,0.0375
232,8,0.0,0.0
232,9,0.0,0.0
232,10,0.0,0.0
233,1,0.5,0.7
233,2,0.9,0.6
233,3,0.5,0.2875
233,4,0.0,0.2875
233,5,0.25,0.125
233,6,0.0,0.125
233,7,0.0,0.0375
233,8,0.0,0.0
233,9,0.0,0.0
233,10,0.0,0.0
234,1,1.0,0.75
234,2,1.0,0.5
234,3,1.0,0.75
234,4,1.0,0.75
234,5,1.0,0.5
234,6,1.0,0.75
234,7,1.0,0.6875
234,8,1.0,0.5
234,9,1.0,0.375
234,10,1.0,0.3125
235,1,1.0,0.75
235,2,1.0,0.5
235,3,1.0,0.75
235,4,1.0,0.75
235,5,1.0,0.5
235,6,1.0,0.75
235,7,1.0,0.6875
235,8,1.0,0.5
235,9,1.0,0.375
235,10,0.75,0.375
236,1,1.0,0.75
236,2,1.0,0.5
236,3,1.0,0.75
236,4,1.0,0.75
236,5,1.0,0.5
236,6,1.0,0.75
236,7,1.0,0.6875
236,8,1.0,0.5
236,9,0.5,0.5
236,10,0.5,0.4375
237,1,1.0,0.75
237,2,0.0,0.75
237,3,1.0,0.75
237,4,1.0,0.75
237,5,0.0,0.75
237,6,1.0,0.75
237,7,0.75,0.75
237,8,0.0,0.75
237,9,0.0,0.625
237,10,0.0,0.5625
238,1,0.75,0.325
238,2,1.0,0.25
238,3,0.5,0.275
238,4,0.5,0.4375
238,5,1.0,0.2625
238,6,0.5,0.2125
238,7,1.0,0.5375
238,8,0.0,0.3
238,9,0.0,0.25
238,10,0.0,0.375
239,1,0.25,0.45
239,2,0.1,0.475
239,3,0.0,0.4
239,4,0.75,0.375
239,5,0.0,0.5125
239,6,0.0,0.3375
239,7,1.0,0.5375
239,8,0.25,0.2375
239,9,0.0,0.25
239,10,0.6,0.225
240,1,0.25,0.45
240,2,0.0,0.5
240,3,0.25,0.3375
240,4,0.25,0.5
240,5,0.25,0.45
240,6,0.0,0.3375
240,7,0.25,0.725
240,8,0.0,0.3
240,9,0.0,0.25
240,10,0.0,0.375
241,1,0.8,0.3125
241,2,0.9,0.275
241,3,0.85,0.1875
241,4,0.75,0.375
241,5,0.8,0.3125
241,6,0.85,0.125
241,7,0.9,0.5625
241,8,0.95,0.0625
241,9,1.0,0.0
241,10,0.9,0.15
242,1,1.0,0.7125
242,2,0.9,0.75
242,3,0.9,0.7125
242,4,0.75,0.7
242,5,0.8,0.7
242,6,0.8,0.7
242,7,0.8,0.7
242,8,0.75,0.575
242,9,0.6,0.375
242,10,0.6,0.1875
243,1,1.0,0.7125
243,2,1.0,0.725
243,3,1.0,0.6875
243,4,1.0,0.6375
243,5,1.0,0.65
243,6,1.0,0.65
243,7,1.0,0.65
243,8,0.5,0.6375
243,9,0.0,0.525
243,10,0.0,0.3375
244,1,1.0,0.7125
244,2,1.0,0.725
244,3,1.0,0.6875
244,4,1.0,0.6375
244,5,1.0,0.65
244,6,1.0,0.65
244,7,1.0,0.65
244,8,1.0,0.5125
244,9,1.0,0.275
244,10,0.5,0.2125
245,1,0.85,0.75
245,2,1.0,0.725
245,3,0.85,0.725
245,4,0.8,0.6875
245,5,0.8,0.7
245,6,0.8,0.7
245,7,0.8,0.7
245,8,0.8,0.5625
245,9,0.5,0.4
245,10,0.25,0.275
246,1,0.5,0.75
246,2,0.5,0.75
246,3,0.75,0.75
246,4,0.5,0.75
246,5,0.5,0.75
246,6,0.5,0.75
246,7,0.5,0.75
246,8,0.5,0.75
246,9,0.5,0.625
246,10,0.0,0.25
247,1,1.0,0.625
247,2,1.0,0.625
247,3,1.0,0.6875
247,4,1.0,0.625
247,5,1.0,0.625
247,6,1.0,0.625
247,7,1.0,0.625
247,8,1.0,0.625
247,9,1.0,0.5
247,10,1.0,0.0
248,1,1.0,0.625
248,2,1.0,0.625
248,3,1.0,0.6875
248,4,1.0,0.625
248,5,1.0,0.625
248,6,1.0,0.625
248,7,1.0,0.625
248,8,1.0,0.625
248,9,0.5,0.625
248,10,0.0,0.25
249,1,1.0,0.625
249,2,1.0,0.625
249,3,1.0,0.6875
249,4,1.0,0.625
249,5,1.0,0.625
249,6,1.0,0.625
249,7,1.0,0.625
249,8,1.0,0.625
249,9,1.0,0.5
249,10,0.0,0.25
250,1,0.0,0.375
250,2,0.1,0.3125
250,3,0.25,0.3625
250,4,0.0,0.5375
250,5,0.15,0.4375
250,6,0.0,0.3625
250,7,0.25,0.125
250,8,0.2,0.0
250,9,0.0,0.0125
250,10,0.0,0.25
251,1,1.0,0.125
251,2,1.0,0.0875
251,3,1.0,0.175
251,4,1.0,0.2875
251,5,1.0,0.225
251,6,1.0,0.1125
251,7,0.0,0.1875
251,8,0.0,0.05
251,9,0.0,0.0125
251,10,0.0,0.25
252,1,0.5,0.25
252,2,0.25,0.275
252,3,0.45,0.3125
252,4,0.75,0.35
252,5,0.5,0.35
252,6,0.45,0.25
252,7,0.5,0.0625
252,8,0.0,0.05
252,9,0.05,0.0
252,10,1.0,0.0
253,1,0.0,0.375
253,2,0.0,0.3375
253,3,0.0,0.425
253,4,0.4,0.4375
253,5,0.25,0.4125
253,6,0.0,0.3625
253,7,0.0,0.1875
253,8,0.0,0.05
253,9,0.0,0.0125
253,10,0.0,0.25
254,1,1.0,0.45
254,2,0.8,0.6
254,3,0.8,0.55
254,4,0.9,0.5875
254,5,0.75,0.625
254,6,0.75,0.375
254,7,0.0,0.575
254,8,0.75,0.4625
254,9,0.0,0.625
254,10,0.0,0.375
255,1,0.3,0.625
255,2,0.9,0.575
255,3,0.6,0.6
255,4,0.75,0.625
255,5,1.0,0.5625
255,6,0.0,0.5625
255,7,0.8,0.375
255,8,0.75,0.4625
255,9,1.0,0.375
255,10,0.5,0.25
256,1,1.0,0.45
256,2,1.0,0.55
256,3,1.0,0.5
256,4,1.0,0.5625
256,5,1.0,0.5625
256,6,1.0,0.3125
256,7,1.0,0.325
256,8,0.6,0.5
256,9,1.0,0.375
256,10,1.0,0.125
257,1,0.5,0.575
257,2,0.5,0.675
257,3,0.6,0.6
257,4,0.6,0.6625
257,5,0.5,0.6875
257,6,0.5,0.4375
257,7,0.5,0.45
257,8,0.5,0.525
257,9,0.5,0.5
257,10,0.0,0.375
258,1,1.0,0.3875
258,2,0.9,0.3375
258,3,0.9,0.35
258,4,0.75,0.35
258,5,0.7,0.15
258,6,0.75,0.475
258,7,0.75,0.4625
258,8,0.75,0.225
258,9,0.5,0.3
258,10,0.0,0.3125
259,1,1.0,0.3875
259,2,0.45,0.45
259,3,0.5,0.45
259,4,0.75,0.35
259,5,0.0,0.325
259,6,1.0,0.4125
259,7,1.0,0.4
259,8,0.0,0.4125
259,9,0.5,0.3
259,10,0.75,0.125
260,1,0.25,0.575
260,2,0.6,0.4125
260,3,0.4,0.475
260,4,0.35,0.45
260,5,0.3,0.25
260,6,0.5,0.5375
260,7,0.45,0.5375
260,8,0.5,0.2875
260,9,0.3,0.35
260,10,0.2,0.2625
261,1,0.3,0.5625
261,2,0.3,0.4875
261,3,0.5,0.45
261,4,0.3,0.4625
261,5,0.3,0.25
261,6,0.4,0.5625
261,7,0.4,0.55
261,8,0.4,0.3125
261,9,0.4,0.325
261,10,0.3,0.2375
262,1,0.6,0.5625
262,2,0.75,0.575
262,3,1.0,0.55
262,4,0.75,0.55
262,5,0.75,0.55
262,6,0.75,0.55
262,7,0.75,0.55
262,8,0.75,0.3
262,9,0.5,0.0
262,10,0.0,0.0
263,1,1.0,0.4625
263,2,1.0,0.5125
263,3,1.0,0.55
263,4,1.0,0.4875
263,5,1.0,0.4875
263,6,1.0,0.4875
263,7,1.0,0.4875
263,8,0.0,0.4875
263,9,0.0,0.125
263,10,0.0,0.0
264,1,0.25,0.65
264,2,0.35,0.675
264,3,0.45,0.6875
264,4,0.45,0.625
264,5,0.45,0.625
264,6,0.45,0.625
264,7,0.45,0.625
264,8,0.45,0.375
264,9,0.0,0.125
264,10,0.0,0.0
265,1,1.0,0.4625
265,2,0.95,0.525
265,3,0.75,0.6125
265,4,0.75,0.55
265,5,0.75,0.55
265,6,0.75,0.55
265,7,0.75,0.55
265,8,0.75,0.3
265,9,0.0,0.125
265,10,0.0,0.0
266,1,0.25,0.4375
266,2,0.5,0.6875
266,3,0.75,0.75
266,4,1.0,0.75
266,5,0.0,0.75
266,6,0.25,0.75
266,7,0.1,0.725
266,8,0.0,0.7125
266,9,0.05,0.375
266,10,0.75,0.025
267,1,0.0,0.5
267,2,1.0,0.5625
267,3,1.0,0.6875
267,4,1.0,0.75
267,5,1.0,0.5
267,6,1.0,0.5625
267,7,1.0,0.5
267,8,1.0,0.4625
267,9,0.0,0.3875
267,10,0.0,0.2125
268,1,0.75,0.3125
268,2,0.75,0.625
268,3,1.0,0.6875
268,4,1.0,0.75
268,5,1.0,0.5
268,6,1.0,0.5625
268,7,1.0,0.5
268,8,1.0,0.4625
268,9,0.75,0.2
268,10,0.0,0.2125
269,1,1.0,0.25
269,2,1.0,0.5625
269,3,1.0,0.6875
269,4,1.0,0.75
269,5,1.0,0.5
269,6,1.0,0.5625
269,7,0.9,0.525
269,8,0.85,0.5
269,9,0.75,0.2
269,10,0.1,0.1875
270,1,1.0,0.25
270,2,1.0,0.1875
270,3,0.0,0.175
270,4,0.0,0.0
270,5,0.0,0.025
270,6,0.0,0.0
270,7,0.0,0.0
270,8,0.0,0.0
270,9,0.0,0.0
270,10,0.0,0.0
271,1,0.25,0.4375
271,2,0.25,0.375
271,3,0.2,0.125
271,4,0.0,0.0
271,5,0.1,0.0
271,6,0.0,0.0
271,7,0.0,0.0
271,8,0.0,0.0
271,9,0.0,0.0
271,10,0.0,0.0
272,1,0.75,0.3125
272,2,0.5,0.3125
272,3,0.5,0.05
272,4,0.0,0.0
272,5,0.0,0.025
272,6,0.0,0.0
272,7,0.0,0.0
272,8,0.0,0.0
272,9,0.0,0.0
272,10,0.0,0.0
273,1,0.0,0.5
273,2,0.0,0.4375
273,3,0.0,0.175
273,4,0.0,0.0
273,5,0.0,0.025
273,6,0.0,0.0
273,7,0.0,0.0
273,8,0.0,0.0
273,9,0.0,0.0
273,10,0.0,0.0
274,1,0.25,0.125
274,2,0.25,0.0625
274,3,0.0,0.0375
274,4,0.0,0.025
274,5,0.0,0.0125
274,6,0.0,0.0
274,7,0.0,0.0
274,8,0.0,0.0
274,9,0.0,0.0
274,10,0.0,0.0
275,1,0.0,0.1875
275,2,0.0,0.125
275,3,0.0,0.0375
275,4,0.0,0.025
275,5,0.0,0.0125
275,6,0.0,0.0
275,7,0.0,0.0
275,8,0.0,0.0
275,9,0.0,0.0
275,10,0.0,0.0
276,1,0.0,0.1875
276,2,0.0,0.125
276,3,0.0,0.0375
276,4,0.0,0.025
276,5,0.0,0.0125
276,6,0.0,0.0
276,7,0.0,0.0
276,8,0.0,0.0
276,9,0.0,0.0
276,10,0.0,0.0
277,1,0.5,0.0625
277,2,0.25,0.0625
277,3,0.15,0.0
277,4,0.1,0.0
277,5,0.05,0.0
277,6,0.0,0.0
277,7,0.0,0.0
277,8,0.0,0.0
277,9,0.0,0.0
277,10,0.0,0.0
278,1,1.0,0.4375
278,2,1.0,0.1875
278,3,1.0,0.3
278,4,1.0,0.375
278,5,1.0,0.3125
278,6,1.0,0.3375
278,7,1.0,0.325
278,8,1.0,0.3375
278,9,1.0,0.225
278,10,1.0,0.1625
279,1,0.0,0.6875
279,2,0.0,0.4375
279,3,0.0,0.55
279,4,0.0,0.625
279,5,0.0,0.5625
279,6,0.0,0.5875
279,7,0.0,0.575
279,8,0.0,0.5875
279,9,0.0,0.475
279,10,0.0,0.4125
280,1,0.75,0.5
280,2,0.75,0.25
280,3,0.75,0.3625
280,4,0.75,0.4375
280,5,0.75,0.375
280,6,0.75,0.4
280,7,0.65,0.4125
280,8,0.65,0.425
280,9,0.65,0.3125
280,10,0.65,0.25
281,1,1.0,0.4375
281,2,0.0,0.4375
281,3,0.45,0.4375
281,4,0.75,0.4375
281,5,0.5,0.4375
281,6,0.6,0.4375
281,7,0.65,0.4125
281,8,0.7,0.4125
281,9,0.25,0.4125
281,10,0.0,0.4125
282,1,0.0,0.5125
282,2,0.0,0.5125
282,3,0.0,0.2625
282,4,0.0,0.0
282,5,0.0,0.0125
282,6,0.0,0.0
282,7,0.0,0.0
282,8,0.0,0.0
282,9,0.0,0.0
282,10,0.0,0.0
283,1,1.0,0.2625
283,2,1.0,0.2625
283,3,0.0,0.2625
283,4,0.0,0.0
283,5,0.0,0.0125
283,6,0.0,0.0
283,7,0.0,0.0
283,8,0.0,0.0
283,9,0.0,0.0
283,10,0.0,0.0
284,1,0.05,0.5
284,2,0.05,0.5
284,3,0.05,0.25
284,4,0.0,0.0
284,5,0.05,0.0
284,6,0.0,0.0
284,7,0.0,0.0
284,8,0.0,0.0
284,9,0.0,0.0
284,10,0.0,0.0
285,1,1.0,0.2625
285,2,1.0,0.2625
285,3,1.0,0.0125
285,4,0.0,0.0
285,5,0.0,0.0125
285,6,0.0,0.0
285,7,0.0,0.0
285,8,0.0,0.0
285,9,0.0,0.0
285,10,0.0,0.0
286,1,1.0,0.35
286,2,1.0,0.3125
286,3,0.75,0.25
286,4,0.75,0.2375
286,5,0.0,0.25
286,6,0.0,0.25
286,7,0.0,0.0
286,8,0.0,0.225
286,9,0.0,0.0
286,10,0.0,0.0
287,1,0.4,0.5
287,2,0.5,0.4375
287,3,0.5,0.3125
287,4,0.45,0.3125
287,5,0.5,0.125
287,6,0.0,0.25
287,7,0.0,0.0
287,8,0.0,0.225
287,9,0.0,0.0
287,10,0.0,0.0
288,1,0.0,0.6
288,2,0.0,0.5625
288,3,0.0,0.4375
288,4,0.0,0.425
288,5,0.0,0.25
288,6,0.0,0.25
288,7,0.0,0.0
288,8,0.0,0.225
288,9,0.0,0.0
288,10,0.0,0.0
289,1,1.0,0.35
289,2,0.75,0.375
289,3,0.5,0.3125
289,4,0.5,0.3
289,5,0.5,0.125
289,6,1.0,0.0
289,7,0.0,0.0
289,8,0.9,0.0
289,9,0.0,0.0
289,10,0.0,0.0
290,1,1.0,0.5875
290,2,0.9,0.6875
290,3,0.85,0.425
290,4,0.75,0.125
290,5,1.0,0.3375
290,6,0.85,0.375
290,7,0.75,0.275
290,8,0.75,0.3375
290,9,0.0,0.0625
290,10,0.75,0.1125
291,1,0.35,0.75
291,2,0.75,0.725
291,3,0.7,0.4625
291,4,0.5,0.1875
291,5,0.25,0.525
291,6,0.35,0.5
291,7,0.25,0.4
291,8,0.35,0.4375
291,9,0.25,0.0
291,10,0.05,0.2875
292,1,1.0,0.5875
292,2,1.0,0.6625
292,3,1.0,0.3875
292,4,0.0,0.3125
292,5,0.1,0.5625
292,6,0.4,0.4875
292,7,0.45,0.35
292,8,0.0,0.525
292,9,0.0,0.0625
292,10,0.0,0.3
293,1,1.0,0.5875
293,2,1.0,0.6625
293,3,0.0,0.6375
293,4,0.0,0.3125
293,5,1.0,0.3375
293,6,0.75,0.4
293,7,0.4,0.3625
293,8,1.0,0.275
293,9,0.0,0.0625
293,10,0.4,0.2
294,1,0.75,0.75
294,2,0.85,0.6875
294,3,0.85,0.6875
294,4,0.75,0.6875
294,5,0.75,0.6875
294,6,0.75,0.6875
294,7,0.6,0.5625
294,8,0.75,0.375
294,9,0.05,0.375
294,10,0.05,0.25
295,1,1.0,0.6875
295,2,1.0,0.65
295,3,1.0,0.65
295,4,1.0,0.625
295,5,1.0,0.625
295,6,1.0,0.625
295,7,0.5,0.5875
295,8,0.5,0.4375
295,9,0.5,0.2625
295,10,0.0,0.2625
296,1,1.0,0.6875
296,2,1.0,0.65
296,3,1.0,0.65
296,4,1.0,0.625
296,5,1.0,0.625
296,6,1.0,0.625
296,7,1.0,0.4625
296,8,1.0,0.3125
296,9,1.0,0.1375
296,10,1.0,0.0125
297,1,1.0,0.6875
297,2,0.75,0.7125
297,3,0.75,0.7125
297,4,0.75,0.6875
297,5,0.75,0.6875
297,6,0.75,0.6875
297,7,0.75,0.525
297,8,0.0,0.5625
297,9,0.0,0.3875
297,10,0.0,0.2625
298,1,0.75,0.625
298,2,1.0,0.6625
298,3,0.75,0.725
298,4,0.9,0.6625
298,5,0.8,0.525
298,6,0.75,0.475
298,7,0.75,0.4375
298,8,0.9,0.1875
298,9,0.75,0.125
298,10,0.0,0.0625
299,1,1.0,0.5625
299,2,0.9,0.6875
299,3,0.9,0.6875
299,4,1.0,0.6375
299,5,0.75,0.5375
299,6,0.9,0.4375
299,7,0.75,0.4375
299,8,0.75,0.225
299,9,0.5,0.1875
299,10,0.25,0.0
300,1,0.5,0.6875
300,2,0.75,0.725
300,3,1.0,0.6625
300,4,0.75,0.7
300,5,0.5,0.6
300,6,0.0,0.6625
300,7,0.0,0.625
300,8,0.0,0.4125
300,9,0.0,0.3125
300,10,0.0,0.0625
301,1,1.0,0.5625
301,2,1.0,0.6625
301,3,1.0,0.6625
301,4,0.9,0.6625
301,5,0.85,0.5125
301,6,1.0,0.4125
301,7,1.0,0.375
301,8,0.0,0.4125
301,9,0.0,0.3125
301,10,0.0,0.0625
302,1,1.0,0.55
302,2,1.0,0.525
302,3,1.0,0.475
302,4,0.0,0.5
302,5,1.0,0.3375
302,6,0.9,0.3875
302,7,0.0,0.2375
302,8,0.5,0.3125
302,9,0.5,0.025
302,10,0.0,0.0625
303,1,0.75,0.6125
303,2,0.75,0.5875
303,3,0.75,0.5375
303,4,0.75,0.3125
303,5,1.0,0.3375
303,6,0.75,0.425
303,7,0.75,0.05
303,8,0.75,0.25
303,9,0.0,0.15
303,10,0.0,0.0625
304,1,0.7,0.625
304,2,0.5,0.65
304,3,0.4,0.625
304,4,0.5,0.375
304,5,0.35,0.5
304,6,0.8,0.4125
304,7,0.2,0.1875
304,8,0.5,0.3125
304,9,0.1,0.125
304,10,0.25,0.0
305,1,0.75,0.6125
305,2,0.85,0.5625
305,3,0.75,0.5375
305,4,0.75,0.3125
305,5,0.0,0.5875
305,6,0.0,0.6125
305,7,0.0,0.2375
305,8,0.0,0.4375
305,9,0.0,0.15
305,10,0.0,0.0625
306,1,0.0,0.75
306,2,0.0,0.65
306,3,0.25,0.5
306,4,0.25,0.4375
306,5,0.0,0.25
306,6,0.25,0.0
306,7,0.0,0.0
306,8,0.0,0.0
306,9,0.0,0.0
306,10,0.0,0.0
307,1,1.0,0.5
307,2,1.0,0.4
307,3,1.0,0.3125
307,4,1.0,0.25
307,5,0.0,0.25
307,6,0.0,0.0625
307,7,0.0,0.0
307,8,0.0,0.0
307,9,0.0,0.0
307,10,0.0,0.0
308,1,1.0,0.5
308,2,1.0,0.4
308,3,1.0,0.3125
308,4,0.75,0.3125
308,5,1.0,0.0
308,6,0.0,0.0625
308,7,0.0,0.0
308,8,0.0,0.0
308,9,0.0,0.0
308,10,0.0,0.0
309,1,1.0,0.5
309,2,0.6,0.5
309,3,0.0,0.5625
309,4,0.0,0.5
309,5,0.0,0.25
309,6,0.0,0.0625
309,7,0.0,0.0
309,8,0.0,0.0
309,9,0.0,0.0
309,10,0.0,0.0
310,1,1.0,0.475
310,2,1.0,0.625
310,3,1.0,0.6875
310,4,1.0,0.5
310,5,1.0,0.75
310,6,1.0,0.25
310,7,0.5,0.5625
310,8,0.5,0.2875
310,9,0.5,0.15
310,10,0.25,0.0
311,1,0.0,0.725
311,2,0.5,0.75
311,3,0.75,0.75
311,4,0.0,0.75
311,5,1.0,0.75
311,6,0.0,0.5
311,7,0.5,0.5625
311,8,0.25,0.35
311,9,0.6,0.125
311,10,0.0,0.0625
312,1,0.9,0.5
312,2,1.0,0.625
312,3,1.0,0.6875
312,4,1.0,0.5
312,5,1.0,0.75
312,6,1.0,0.25
312,7,0.75,0.5
312,8,0.9,0.1875
312,9,0.0,0.275
312,10,0.0,0.0625
313,1,1.0,0.475
313,2,1.0,0.625
313,3,1.0,0.6875
313,4,1.0,0.5
313,5,1.0,0.75
313,6,0.0,0.5
313,7,1.0,0.4375
313,8,0.0,0.4125
313,9,0.0,0.275
313,10,0.0,0.0625
314,1,1.0,0.3375
314,2,0.6,0.475
314,3,0.65,0.4
314,4,0.55,0.375
314,5,0.75,0.25
314,6,0.35,0.3
314,7,0.0,0.0875
314,8,0.0,0.0
314,9,0.0,0.0
314,10,0.0,0.0
315,1,0.1,0.5625
315,2,0.4,0.525
315,3,0.0,0.5625
315,4,0.75,0.325
315,5,1.0,0.1875
315,6,0.0,0.3875
315,7,0.0,0.0875
315,8,0.0,0.0
315,9,0.0,0.0
315,10,0.0,0.0
316,1,1.0,0.3375
316,2,1.0,0.375
316,3,1.0,0.3125
316,4,0.0,0.5125
316,5,0.0,0.4375
316,6,1.0,0.1375
316,7,0.0,0.0875
316,8,0.0,0.0
316,9,0.0,0.0
316,10,0.0,0.0
317,1,0.25,0.525
317,2,0.5,0.5
317,3,0.6,0.4125
317,4,0.75,0.325
317,5,0.0,0.4375
317,6,0.2,0.3375
317,7,0.35,0.0
317,8,0.0,0.0
317,9,0.0,0.0
317,10,0.0,0.0
318,1,0.5,0.5
318,2,0.75,0.3125
318,3,0.75,0.2125
318,4,0.5,0.1625
318,5,0.25,0.125
318,6,0.25,0.0625
318,7,0.0,0.025
318,8,0.0,0.0
318,9,0.0,0.0
318,10,0.0,0.0125
319,1,1.0,0.375
319,2,0.75,0.3125
319,3,0.75,0.2125
319,4,0.65,0.125
319,5,0.0,0.1875
319,6,0.25,0.0625
319,7,0.1,0.0
319,8,0.0,0.0
319,9,0.0,0.0
319,10,0.0,0.0125
320,1,0.0,0.625
320,2,0.0,0.5
320,3,0.1,0.375
320,4,0.0,0.2875
320,5,0.5,0.0625
320,6,0.0,0.125
320,7,0.0,0.025
320,8,0.0,0.0
320,9,0.0,0.0
320,10,0.05,0.0
321,1,1.0,0.375
321,2,0.5,0.375
321,3,0.0,0.4
321,4,0.0,0.2875
321,5,0.0,0.1875
321,6,0.0,0.125
321,7,0.0,0.025
321,8,0.0,0.0
321,9,0.0,0.0
321,10,0.0,0.0125
322,1,0.4,0.625
322,2,0.6,0.6125
322,3,0.7,0.6125
322,4,0.65,0.6
322,5,0.7,0.4375
322,6,0.7,0.4875
322,7,0.7,0.45
322,8,0.7,0.425
322,9,0.4,0.275
322,10,0.6,0.0125
323,1,1.0,0.475
323,2,0.95,0.525
323,3,0.95,0.55
323,4,0.9,0.5375
323,5,0.75,0.425
323,6,0.95,0.425
323,7,0.9,0.4
323,8,0.9,0.375
323,9,0.85,0.1625
323,10,0.0,0.1625
324,1,0.5,0.6
324,2,0.5,0.6375
324,3,0.5,0.6625
324,4,0.5,0.6375
324,5,0.5,0.4875
324,6,0.5,0.5375
324,7,0.45,0.5125
324,8,0.4,0.5
324,9,0.25,0.3125
324,10,0.05,0.15
325,1,1.0,0.475
325,2,1.0,0.5125
325,3,1.0,0.5375
325,4,1.0,0.5125
325,5,0.5,0.4875
325,6,0.5,0.5375
325,7,0.45,0.5125
325,8,0.4,0.5
325,9,0.0,0.375
325,10,0.0,0.1625
326,1,0.4,0.525
326,2,0.4,0.475
326,3,0.25,0.4125
326,4,0.25,0.225
326,5,0.0,0.0125
326,6,0.0,0.0125
326,7,0.0,0.1
326,8,0.1,0.0
326,9,0.0,0.0375
326,10,0.0,0.1125
327,1,0.5,0.5
327,2,0.75,0.3875
327,3,0.6,0.325
327,4,0.75,0.1
327,5,0.0,0.0125
327,6,0.05,0.0
327,7,0.0,0.1
327,8,0.0,0.025
327,9,0.1,0.0125
327,10,0.0,0.1125
328,1,0.6,0.475
328,2,0.15,0.5375
328,3,0.05,0.4625
328,4,0.15,0.25
328,5,0.05,0.0
328,6,0.0,0.0125
328,7,0.4,0.0
328,8,0.0,0.025
328,9,0.05,0.025
328,10,0.45,0.0
329,1,1.0,0.375
329,2,1.0,0.325
329,3,1.0,0.225
329,4,0.0,0.2875
329,5,0.0,0.0125
329,6,0.0,0.0125
329,7,0.0,0.1
329,8,0.0,0.025
329,9,0.0,0.0375
329,10,0.0,0.1125
330,1,1.0,0.475
330,2,1.0,0.5375
330,3,1.0,0.6
330,4,1.0,0.4625
330,5,1.0,0.375
330,6,1.0,0.4375
330,7,1.0,0.325
330,8,1.0,0.2625
330,9,1.0,0.375
330,10,1.0,0.25
331,1,0.5,0.6
331,2,0.75,0.6
331,3,1.0,0.6
331,4,1.0,0.4625
331,5,1.0,0.375
331,6,1.0,0.4375
331,7,1.0,0.325
331,8,1.0,0.2625
331,9,1.0,0.375
331,10,1.0,0.25
332,1,0.4,0.625
332,2,0.4,0.6875
332,3,0.4,0.75
332,4,0.1,0.6875
332,5,0.25,0.5625
332,6,0.25,0.625
332,7,0.05,0.5625
332,8,0.05,0.5
332,9,0.0,0.625
332,10,0.0,0.5
333,1,1.0,0.475
333,2,1.0,0.5375
333,3,1.0,0.6
333,4,0.75,0.525
333,5,0.25,0.5625
333,6,0.5,0.5625
333,7,0.25,0.5125
333,8,0.0,0.5125
333,9,0.5,0.5
333,10,0.0,0.5
334,1,1.0,0.5625
334,2,1.0,0.3125
334,3,0.75,0.35
334,4,0.75,0.4375
334,5,0.0,0.1
334,6,0.5,0.425
334,7,0.5,0.4125
334,8,1.0,0.375
334,9,0.25,0.3375
334,10,0.5,0.0875
335,1,1.0,0.5625
335,2,0.25,0.5
335,3,0.25,0.475
335,4,0.5,0.5
335,5,0.25,0.0375
335,6,1.0,0.3
335,7,1.0,0.2875
335,8,0.25,0.5625
335,9,1.0,0.15
335,10,0.1,0.1875
336,1,0.25,0.75
336,2,0.5,0.4375
336,3,0.4,0.4375
336,4,0.25,0.5625
336,5,0.15,0.0625
336,6,0.35,0.4625
336,7,0.4,0.4375
336,8,0.25,0.5625
336,9,0.35,0.3125
336,10,0.25,0.15
337,1,1.0,0.5625
337,2,0.5,0.4375
337,3,0.75,0.35
337,4,1.0,0.375
337,5,0.0,0.1
337,6,0.35,0.4625
337,7,0.25,0.475
337,8,1.0,0.375
337,9,0.0,0.4
337,10,0.0,0.2125
338,1,0.4,0.375
339,1,1.0,0.225
340,1,0.5,0.35
341,1,0.0,0.475
342,1,0.25,0.3375
343,1,0.0,0.4
344,1,0.35,0.3125
345,1,1.0,0.15
346,1,0.5,0.75
347,1,1.0,0.625
348,1,1.0,0.625
349,1,1.0,0.625
350,1,0.5,0.275
351,1,0.45,0.2875
352,1,0.4,0.3
353,1,0.25,0.3375
354,1,0.75,0.1625
355,1,0.05,0.3375
356,1,0.0,0.35
357,1,0.6,0.2
358,1,0.0,0.6875
359,1,0.75,0.5
360,1,1.0,0.4375
361,1,1.0,0.4375
338,2,0.4,0.3625
339,2,1.0,0.2125
340,2,0.45,0.35
341,2,0.0,0.4625
342,2,0.4,0.35
343,2,0.0,0.45
344,2,0.4,0.35
345,2,1.0,0.2
346,2,0.5,0.475
347,2,0.0,0.6
348,2,1.0,0.35
349,2,0.9,0.375
350,2,0.25,0.325
351,2,0.45,0.275
352,2,0.5,0.2625
353,2,0.35,0.3
354,2,0.0,0.175
355,2,0.45,0.0625
356,2,0.25,0.1125
357,2,0.0,0.175
358,2,0.5,0.4375
359,2,0.75,0.375
360,2,0.0,0.5625
361,2,1.0,0.3125
338,3,0.0,0.3625
339,3,1.0,0.1125
340,3,0.45,0.25
341,3,0.0,0.3625
342,3,0.25,0.1125
343,3,0.0,0.175
344,3,0.45,0.0625
345,3,0.0,0.175
346,3,0.5,0.4625
347,3,0.4,0.4875
348,3,0.5,0.4625
349,3,0.95,0.35
350,3,0.35,0.1875
351,3,0.35,0.1875
352,3,0.0,0.275
353,3,0.4,0.175
354,3,0.0,0.175
355,3,0.0,0.175
356,3,0.0,0.175
357,3,0.7,0.0
358,3,1.0,0.5625
359,3,0.75,0.625
360,3,0.5,0.6875
361,3,1.0,0.5625
338,4,0.0,0.25
339,4,0.5,0.125
340,4,0.5,0.125
341,4,0.0,0.25
342,4,0.25,0.075
343,4,0.05,0.125
344,4,0.25,0.075
345,4,0.0,0.1375
346,4,0.6,0.375
347,4,0.25,0.4625
348,4,0.75,0.3375
349,4,0.5,0.4
350,4,0.2,0.1875
351,4,0.35,0.15
352,4,0.0,0.2375
353,4,0.4,0.1375
354,4,0.0,0.025
355,4,0.05,0.0125
356,4,0.05,0.0125
357,4,0.0,0.025
358,4,0.0,0.5625
359,4,0.75,0.375
360,4,0.5,0.4375
361,4,1.0,0.3125
338,5,0.0,0.2125
339,5,0.5,0.0875
340,5,0.2,0.1625
341,5,0.15,0.175
342,5,0.0,0.1875
343,5,0.0,0.1875
344,5,0.25,0.125
345,5,0.5,0.0625
346,5,0.4,0.35
347,5,0.2,0.4
348,5,0.65,0.2875
349,5,0.55,0.3125
350,5,0.25,0.0625
351,5,0.15,0.0875
352,5,0.0,0.125
353,5,0.1,0.1
354,5,0.0,0.15
355,5,0.0,0.15
356,5,0.5,0.025
357,5,0.1,0.125
358,5,0.0,0.1875
359,5,0.75,0.0
360,5,0.0,0.1875
361,5,0.0,0.1875
338,6,0.0,0.075
339,6,0.0,0.075
340,6,0.25,0.0125
341,6,0.05,0.0625
342,6,0.0,0.075
343,6,0.0,0.075
344,6,0.3,0.0
345,6,0.0,0.075
346,6,0.0,0.4375
347,6,0.5,0.3125
348,6,0.75,0.25
349,6,0.5,0.3125
350,6,0.1,0.075
351,6,0.2,0.05
352,6,0.0,0.1
353,6,0.1,0.075
354,6,0.5,0.0625
355,6,0.0,0.1875
356,6,0.0,0.1875
357,6,0.25,0.125
358,6,0.9,0.0
359,6,0.0,0.225
360,6,0.0,0.225
361,6,0.0,0.225
338,7,0.0,0.0
339,7,0.0,0.0
340,7,0.0,0.0
341,7,0.0,0.0
342,7,0.0,0.0375
343,7,0.0,0.0375
344,7,0.15,0.0
345,7,0.0,0.0375
346,7,0.0,0.2375
347,7,0.0,0.2375
348,7,0.5,0.1125
349,7,0.45,0.125
350,7,0.1,0.15
351,7,0.2,0.125
352,7,0.0,0.175
353,7,0.4,0.075
354,7,0.0,0.125
355,7,0.0,0.125
356,7,0.0,0.125
357,7,0.5,0.0
358,7,0.0,0.0
359,7,0.0,0.0
360,7,0.0,0.0
361,7,0.0,0.0
338,8,0.0,0.0125
339,8,0.0,0.0125
340,8,0.05,0.0
341,8,0.0,0.0125
342,8,0.0,0.0125
343,8,0.0,0.0125
344,8,0.05,0.0
345,8,0.0,0.0125
346,8,0.0,0.1625
347,8,0.15,0.125
348,8,0.0,0.1625
349,8,0.5,0.0375
350,8,0.15,0.1625
351,8,0.25,0.1375
352,8,0.0,0.2
353,8,0.4,0.1
354,8,0.0,0.0125
355,8,0.0,0.0125
356,8,0.05,0.0
357,8,0.0,0.0125
358,8,0.25,0.0
359,8,0.0,0.0625
360,8,0.0,0.0625
361,8,0.0,0.0625
338,9,0.0,0.0
339,9,0.0,0.0
340,9,0.0,0.0
341,9,0.0,0.0
342,9,0.0,0.0
343,9,0.0,0.0
344,9,0.0,0.0
345,9,0.0,0.0
346,9,0.0,0.05
347,9,0.1,0.025
348,9,0.0,0.05
349,9,0.1,0.025
350,9,0.2,0.125
351,9,0.25,0.1125
352,9,0.0,0.175
353,9,0.25,0.1125
354,9,0.25,0.0
355,9,0.0,0.0625
356,9,0.0,0.0625
357,9,0.0,0.0625
358,9,0.0,0.25
359,9,0.0,0.25
360,9,0.0,0.25
361,9,1.0,0.0
338,10,0.0,0.0
339,10,0.0,0.0
340,10,0.0,0.0
341,10,0.0,0.0
342,10,0.0,0.0
343,10,0.0,0.0
344,10,0.0,0.0
345,10,0.0,0.0
346,10,0.0,0.0
347,10,0.0,0.0
348,10,0.0,0.0
349,10,0.0,0.0
350,10,0.0,0.1125
351,10,0.2,0.0625
352,10,0.0,0.1125
353,10,0.25,0.05
354,10,0.0,0.0
355,10,0.0,0.0
356,10,0.0,0.0
357,10,0.0,0.0
358,10,0.05,0.0
359,10,0.0,0.0125
360,10,0.0,0.0125
361,10,0.0,0.0125
